order_id,date,customer,region,product,category,quantity,unit_price,total,status
PB-100001,2025-08-27,Prairie Wind Farms,Alberta,Data Migration,Services,9,2400.0,21600.0,Paid
PB-100002,2025-11-11,Harbourfront Textiles,Quebec,Data Migration,Services,11,2400.0,26400.0,Pending
PB-100003,2025-02-16,Silverline Freight,Ontario,Label Printer,Hardware,3,185.5,556.5,Refunded
PB-100004,2025-12-01,Birchwood Interiors,British Columbia,API Add-on,Software,8,99.0,792.0,Refunded
PB-100005,2025-02-02,Northwind Logistics,Ontario,Workflow Platform License,Software,9,1200.0,10800.0,Paid
PB-100006,2025-01-16,Prairie Wind Farms,Illinois,Warehouse Scanner,Hardware,10,320.0,3200.0,Pending
PB-100007,2025-04-30,Kingston Print Works,New York,Warehouse Scanner,Hardware,9,320.0,2880.0,Pending
PB-100008,2025-02-13,Prairie Wind Farms,New York,Workflow Platform License,Software,11,1200.0,13200.0,Pending
PB-100009,2025-05-11,Granite Peak Tools,Alberta,Implementation Day,Services,12,1800.0,21600.0,Refunded
PB-100010,2025-02-05,Summit Auto Parts,Quebec,Label Printer,Hardware,1,185.5,185.5,Pending
PB-100011,2025-07-17,Maple Ridge Distribution,Ontario,Implementation Day,Services,5,1800.0,9000.0,Paid
PB-100012,2025-01-27,Prairie Wind Farms,Texas,Warehouse Scanner,Hardware,4,320.0,1280.0,Pending
PB-100013,2025-10-17,Kingston Print Works,Alberta,API Add-on,Software,2,99.0,198.0,Paid
PB-100014,2025-06-09,Granite Peak Tools,Ontario,Training Seat,Services,2,275.0,550.0,Pending
PB-100015,2025-05-07,Birchwood Interiors,Quebec,Implementation Day,Services,3,1800.0,5400.0,Paid
PB-100016,2025-09-07,Harbourfront Textiles,Alberta,Workflow Platform License,Software,8,1200.0,9600.0,Pending
PB-100017,2025-03-09,Lakeshore Medical Supply,Texas,Warehouse Scanner,Hardware,12,320.0,3840.0,Paid
PB-100018,2025-04-19,Northwind Logistics,New York,API Add-on,Software,7,99.0,693.0,Refunded
PB-100019,2025-04-18,Harbourfront Textiles,Texas,Label Printer,Hardware,1,185.5,185.5,Refunded
PB-100020,2025-03-16,Cedar & Co. Furniture,Manitoba,Implementation Day,Services,1,1800.0,1800.0,Paid
PB-100021,2025-06-18,Blue Heron Foods,Texas,Workflow Platform License,Software,10,1200.0,12000.0,Paid
PB-100022,2025-04-17,Summit Auto Parts,Alberta,Implementation Day,Services,2,1800.0,3600.0,Paid
PB-100023,2025-11-15,Prairie Wind Farms,British Columbia,Training Seat,Services,6,275.0,1650.0,Refunded
PB-100024,2025-03-11,Lakeshore Medical Supply,British Columbia,Data Migration,Services,10,2400.0,24000.0,Paid
PB-100025,2025-11-09,Cedar & Co. Furniture,Alberta,Label Printer,Hardware,4,185.5,742.0,Paid
PB-100026,2025-07-18,Prairie Wind Farms,Quebec,Warehouse Scanner,Hardware,11,320.0,3520.0,Pending
PB-100027,2025-02-25,Northwind Logistics,New York,Workflow Platform License,Software,2,1200.0,2400.0,Paid
PB-100028,2025-08-04,Summit Auto Parts,Manitoba,API Add-on,Software,5,99.0,495.0,Paid
PB-100029,2025-02-05,Harbourfront Textiles,Alberta,Support Plan (Monthly),Services,12,450.0,5400.0,Pending
PB-100030,2025-04-19,Cedar & Co. Furniture,Ontario,Implementation Day,Services,5,1800.0,9000.0,Paid
PB-100031,2025-08-17,Cedar & Co. Furniture,Ontario,Label Printer,Hardware,7,185.5,1298.5,Paid
PB-100032,2025-07-08,Silverline Freight,British Columbia,Support Plan (Monthly),Services,5,450.0,2250.0,Paid
PB-100033,2025-08-19,Granite Peak Tools,British Columbia,Training Seat,Services,3,275.0,825.0,Refunded
PB-100034,2025-09-01,Granite Peak Tools,New York,Workflow Platform License,Software,1,1200.0,1200.0,Paid
PB-100035,2025-11-22,Maple Ridge Distribution,Manitoba,Workflow Platform License,Software,10,1200.0,12000.0,Paid
PB-100036,2025-03-11,Maple Ridge Distribution,Quebec,Label Printer,Hardware,6,185.5,1113.0,Pending
PB-100037,2025-01-23,Birchwood Interiors,British Columbia,Training Seat,Services,12,275.0,3300.0,Paid
PB-100038,2025-12-17,Prairie Wind Farms,Quebec,Training Seat,Services,2,275.0,550.0,Pending
PB-100039,2025-10-21,Northwind Logistics,Texas,Workflow Platform License,Software,8,1200.0,9600.0,Pending
PB-100040,2025-02-06,Maple Ridge Distribution,Quebec,Workflow Platform License,Software,10,1200.0,12000.0,Paid
PB-100041,2025-06-19,Lakeshore Medical Supply,Manitoba,Label Printer,Hardware,7,185.5,1298.5,Pending
PB-100042,2025-02-12,Silverline Freight,Ontario,Data Migration,Services,9,2400.0,21600.0,Paid
PB-100043,2025-01-12,Cedar & Co. Furniture,Quebec,Implementation Day,Services,8,1800.0,14400.0,Pending
PB-100044,2025-01-06,Granite Peak Tools,New York,Data Migration,Services,5,2400.0,12000.0,Paid
PB-100045,2025-03-28,Granite Peak Tools,Manitoba,Warehouse Scanner,Hardware,9,320.0,2880.0,Pending
PB-100046,2025-07-27,Kingston Print Works,New York,Warehouse Scanner,Hardware,6,320.0,1920.0,Paid
PB-100047,2025-04-20,Lakeshore Medical Supply,Alberta,API Add-on,Software,4,99.0,396.0,Refunded
PB-100048,2025-03-11,Harbourfront Textiles,Manitoba,Training Seat,Services,4,275.0,1100.0,Paid
PB-100049,2025-02-02,Blue Heron Foods,British Columbia,Workflow Platform License,Software,12,1200.0,14400.0,Paid
PB-100050,2025-05-21,Cedar & Co. Furniture,Texas,Data Migration,Services,8,2400.0,19200.0,Pending
PB-100051,2025-06-11,Birchwood Interiors,Manitoba,Data Migration,Services,11,2400.0,26400.0,Paid
PB-100052,2025-05-23,Summit Auto Parts,Ontario,Implementation Day,Services,1,1800.0,1800.0,Paid
PB-100053,2025-11-29,Summit Auto Parts,Ontario,Training Seat,Services,5,275.0,1375.0,Paid
PB-100054,2025-04-08,Northwind Logistics,New York,API Add-on,Software,8,99.0,792.0,Paid
PB-100055,2025-11-19,Maple Ridge Distribution,Manitoba,Support Plan (Monthly),Services,1,450.0,450.0,Paid
PB-100056,2025-12-17,Cedar & Co. Furniture,Alberta,Training Seat,Services,2,275.0,550.0,Pending
PB-100057,2025-01-06,Prairie Wind Farms,Ontario,Label Printer,Hardware,3,185.5,556.5,Paid
PB-100058,2025-06-27,Silverline Freight,British Columbia,Warehouse Scanner,Hardware,5,320.0,1600.0,Pending
PB-100059,2025-07-30,Birchwood Interiors,Texas,Warehouse Scanner,Hardware,2,320.0,640.0,Paid
PB-100060,2025-04-11,Kingston Print Works,Ontario,Data Migration,Services,8,2400.0,19200.0,Pending
PB-100061,2025-06-17,Kingston Print Works,Alberta,Training Seat,Services,8,275.0,2200.0,Paid
PB-100062,2025-05-05,Lakeshore Medical Supply,Quebec,Implementation Day,Services,4,1800.0,7200.0,Paid
PB-100063,2025-01-09,Granite Peak Tools,Quebec,Training Seat,Services,5,275.0,1375.0,Paid
PB-100064,2025-10-09,Lakeshore Medical Supply,New York,Data Migration,Services,6,2400.0,14400.0,Pending
PB-100065,2025-02-02,Lakeshore Medical Supply,Ontario,Workflow Platform License,Software,4,1200.0,4800.0,Paid
PB-100066,2025-03-13,Prairie Wind Farms,British Columbia,Training Seat,Services,11,275.0,3025.0,Refunded
PB-100067,2025-10-24,Birchwood Interiors,Quebec,Data Migration,Services,8,2400.0,19200.0,Paid
PB-100068,2025-10-14,Blue Heron Foods,British Columbia,Data Migration,Services,9,2400.0,21600.0,Refunded
PB-100069,2025-12-10,Lakeshore Medical Supply,Alberta,Label Printer,Hardware,5,185.5,927.5,Paid
PB-100070,2025-09-26,Blue Heron Foods,Manitoba,Support Plan (Monthly),Services,9,450.0,4050.0,Paid
PB-100071,2025-02-28,Silverline Freight,Ontario,API Add-on,Software,9,99.0,891.0,Refunded
PB-100072,2025-10-03,Northwind Logistics,Texas,API Add-on,Software,1,99.0,99.0,Refunded
PB-100073,2025-02-17,Birchwood Interiors,British Columbia,Implementation Day,Services,8,1800.0,14400.0,Paid
PB-100074,2025-07-26,Blue Heron Foods,Alberta,Data Migration,Services,7,2400.0,16800.0,Pending
PB-100075,2025-06-23,Lakeshore Medical Supply,Manitoba,Data Migration,Services,3,2400.0,7200.0,Refunded
PB-100076,2025-04-09,Lakeshore Medical Supply,Ontario,Training Seat,Services,2,275.0,550.0,Paid
PB-100077,2025-01-12,Northwind Logistics,Alberta,Support Plan (Monthly),Services,12,450.0,5400.0,Paid
PB-100078,2025-12-18,Blue Heron Foods,Illinois,Warehouse Scanner,Hardware,1,320.0,320.0,Paid
PB-100079,2025-09-13,Maple Ridge Distribution,Manitoba,Warehouse Scanner,Hardware,10,320.0,3200.0,Refunded
PB-100080,2025-11-16,Blue Heron Foods,Alberta,Implementation Day,Services,9,1800.0,16200.0,Refunded
PB-100081,2025-07-12,Kingston Print Works,Texas,API Add-on,Software,1,99.0,99.0,Refunded
PB-100082,2025-04-15,Kingston Print Works,Alberta,Support Plan (Monthly),Services,9,450.0,4050.0,Refunded
PB-100083,2025-11-10,Summit Auto Parts,British Columbia,Warehouse Scanner,Hardware,9,320.0,2880.0,Paid
PB-100084,2025-06-11,Summit Auto Parts,Illinois,Training Seat,Services,3,275.0,825.0,Paid
PB-100085,2025-02-19,Harbourfront Textiles,Alberta,Warehouse Scanner,Hardware,4,320.0,1280.0,Paid
PB-100086,2025-07-18,Maple Ridge Distribution,Texas,Implementation Day,Services,5,1800.0,9000.0,Pending
PB-100087,2025-07-26,Kingston Print Works,Ontario,Support Plan (Monthly),Services,4,450.0,1800.0,Paid
PB-100088,2025-12-16,Granite Peak Tools,Illinois,Warehouse Scanner,Hardware,10,320.0,3200.0,Paid
PB-100089,2025-12-18,Cedar & Co. Furniture,Quebec,Training Seat,Services,9,275.0,2475.0,Pending
PB-100090,2025-01-20,Silverline Freight,Manitoba,Implementation Day,Services,1,1800.0,1800.0,Paid
PB-100091,2025-02-28,Cedar & Co. Furniture,British Columbia,Warehouse Scanner,Hardware,3,320.0,960.0,Paid
PB-100092,2025-02-18,Summit Auto Parts,Ontario,Label Printer,Hardware,11,185.5,2040.5,Paid
PB-100093,2025-02-19,Granite Peak Tools,Texas,Data Migration,Services,2,2400.0,4800.0,Pending
PB-100094,2025-07-01,Lakeshore Medical Supply,Alberta,API Add-on,Software,9,99.0,891.0,Refunded
PB-100095,2025-11-21,Birchwood Interiors,Ontario,Training Seat,Services,1,275.0,275.0,Paid
PB-100096,2025-08-21,Granite Peak Tools,Illinois,Support Plan (Monthly),Services,7,450.0,3150.0,Pending
PB-100097,2025-03-26,Maple Ridge Distribution,Ontario,Warehouse Scanner,Hardware,10,320.0,3200.0,Paid
PB-100098,2025-11-19,Lakeshore Medical Supply,Alberta,Implementation Day,Services,12,1800.0,21600.0,Refunded
PB-100099,2025-05-24,Maple Ridge Distribution,British Columbia,Training Seat,Services,5,275.0,1375.0,Pending
PB-100100,2025-10-03,Birchwood Interiors,Illinois,Support Plan (Monthly),Services,6,450.0,2700.0,Pending
PB-100101,2025-04-16,Birchwood Interiors,British Columbia,Support Plan (Monthly),Services,7,450.0,3150.0,Paid
PB-100102,2025-08-29,Maple Ridge Distribution,Ontario,Training Seat,Services,5,275.0,1375.0,Paid
PB-100103,2025-05-20,Kingston Print Works,New York,Workflow Platform License,Software,4,1200.0,4800.0,Paid
PB-100104,2025-07-27,Summit Auto Parts,British Columbia,Warehouse Scanner,Hardware,11,320.0,3520.0,Refunded
PB-100105,2025-09-21,Prairie Wind Farms,Alberta,Implementation Day,Services,7,1800.0,12600.0,Paid
PB-100106,2025-01-12,Maple Ridge Distribution,Quebec,API Add-on,Software,10,99.0,990.0,Paid
PB-100107,2025-07-25,Silverline Freight,Ontario,Label Printer,Hardware,8,185.5,1484.0,Paid
PB-100108,2025-02-20,Blue Heron Foods,New York,API Add-on,Software,1,99.0,99.0,Paid
PB-100109,2025-10-04,Silverline Freight,Texas,Training Seat,Services,9,275.0,2475.0,Refunded
PB-100110,2025-08-16,Kingston Print Works,Quebec,Implementation Day,Services,11,1800.0,19800.0,Refunded
PB-100111,2025-03-23,Lakeshore Medical Supply,Manitoba,Workflow Platform License,Software,7,1200.0,8400.0,Paid
PB-100112,2025-11-09,Summit Auto Parts,Ontario,Data Migration,Services,9,2400.0,21600.0,Pending
PB-100113,2025-05-26,Silverline Freight,Texas,Data Migration,Services,7,2400.0,16800.0,Refunded
PB-100114,2025-09-29,Blue Heron Foods,Manitoba,Label Printer,Hardware,6,185.5,1113.0,Paid
PB-100115,2025-06-01,Northwind Logistics,Ontario,Label Printer,Hardware,11,185.5,2040.5,Paid
PB-100116,2025-03-22,Lakeshore Medical Supply,Texas,Workflow Platform License,Software,11,1200.0,13200.0,Paid
PB-100117,2025-07-23,Northwind Logistics,Illinois,Training Seat,Services,12,275.0,3300.0,Paid
PB-100118,2025-09-02,Blue Heron Foods,Alberta,Warehouse Scanner,Hardware,7,320.0,2240.0,Paid
PB-100119,2025-08-28,Harbourfront Textiles,Alberta,Implementation Day,Services,12,1800.0,21600.0,Refunded
PB-100120,2025-11-16,Lakeshore Medical Supply,Manitoba,Implementation Day,Services,1,1800.0,1800.0,Paid
PB-100121,2025-07-02,Silverline Freight,British Columbia,Warehouse Scanner,Hardware,1,320.0,320.0,Paid
PB-100122,2025-03-13,Kingston Print Works,Texas,Training Seat,Services,8,275.0,2200.0,Pending
PB-100123,2025-10-26,Kingston Print Works,Texas,Label Printer,Hardware,11,185.5,2040.5,Paid
PB-100124,2025-03-07,Cedar & Co. Furniture,Manitoba,Support Plan (Monthly),Services,5,450.0,2250.0,Paid
PB-100125,2025-11-16,Granite Peak Tools,New York,Label Printer,Hardware,9,185.5,1669.5,Paid
PB-100126,2025-05-23,Cedar & Co. Furniture,Alberta,Warehouse Scanner,Hardware,11,320.0,3520.0,Paid
PB-100127,2025-01-21,Kingston Print Works,Ontario,Warehouse Scanner,Hardware,11,320.0,3520.0,Paid
PB-100128,2025-08-06,Northwind Logistics,Ontario,Label Printer,Hardware,5,185.5,927.5,Paid
PB-100129,2025-05-23,Maple Ridge Distribution,Quebec,Warehouse Scanner,Hardware,9,320.0,2880.0,Paid
PB-100130,2025-07-11,Prairie Wind Farms,Manitoba,Warehouse Scanner,Hardware,11,320.0,3520.0,Paid
PB-100131,2025-06-25,Prairie Wind Farms,British Columbia,Warehouse Scanner,Hardware,6,320.0,1920.0,Paid
PB-100132,2025-11-16,Cedar & Co. Furniture,Manitoba,Implementation Day,Services,8,1800.0,14400.0,Pending
PB-100133,2025-03-19,Granite Peak Tools,British Columbia,Label Printer,Hardware,7,185.5,1298.5,Refunded
PB-100134,2025-10-08,Birchwood Interiors,British Columbia,Training Seat,Services,5,275.0,1375.0,Pending
PB-100135,2025-02-19,Prairie Wind Farms,Illinois,Training Seat,Services,10,275.0,2750.0,Paid
PB-100136,2025-10-16,Summit Auto Parts,Manitoba,Implementation Day,Services,7,1800.0,12600.0,Pending
PB-100137,2025-02-08,Blue Heron Foods,Alberta,Label Printer,Hardware,1,185.5,185.5,Refunded
PB-100138,2025-06-05,Prairie Wind Farms,Illinois,Implementation Day,Services,12,1800.0,21600.0,Paid
PB-100139,2025-07-03,Kingston Print Works,Illinois,Support Plan (Monthly),Services,4,450.0,1800.0,Paid
PB-100140,2025-12-30,Prairie Wind Farms,New York,Implementation Day,Services,6,1800.0,10800.0,Pending
PB-100141,2025-06-12,Cedar & Co. Furniture,Texas,Label Printer,Hardware,8,185.5,1484.0,Refunded
PB-100142,2025-07-05,Granite Peak Tools,Ontario,Warehouse Scanner,Hardware,2,320.0,640.0,Paid
PB-100143,2025-07-18,Cedar & Co. Furniture,Illinois,API Add-on,Software,10,99.0,990.0,Pending
PB-100144,2025-10-16,Harbourfront Textiles,British Columbia,Support Plan (Monthly),Services,10,450.0,4500.0,Paid
PB-100145,2025-01-12,Cedar & Co. Furniture,Ontario,Data Migration,Services,5,2400.0,12000.0,Refunded
PB-100146,2025-06-01,Northwind Logistics,Texas,Support Plan (Monthly),Services,10,450.0,4500.0,Paid
PB-100147,2025-02-13,Granite Peak Tools,Quebec,Label Printer,Hardware,9,185.5,1669.5,Paid
PB-100148,2025-02-13,Northwind Logistics,British Columbia,Implementation Day,Services,6,1800.0,10800.0,Paid
PB-100149,2025-12-31,Cedar & Co. Furniture,Manitoba,API Add-on,Software,4,99.0,396.0,Refunded
PB-100150,2025-07-21,Granite Peak Tools,Illinois,Training Seat,Services,8,275.0,2200.0,Paid
PB-100151,2025-09-07,Silverline Freight,Quebec,Support Plan (Monthly),Services,8,450.0,3600.0,Refunded
PB-100152,2025-12-08,Granite Peak Tools,Ontario,Workflow Platform License,Software,7,1200.0,8400.0,Pending
PB-100153,2025-10-05,Kingston Print Works,Ontario,Implementation Day,Services,8,1800.0,14400.0,Refunded
PB-100154,2025-01-06,Maple Ridge Distribution,Texas,Training Seat,Services,12,275.0,3300.0,Pending
PB-100155,2025-03-25,Kingston Print Works,Texas,Support Plan (Monthly),Services,4,450.0,1800.0,Paid
PB-100156,2025-07-19,Lakeshore Medical Supply,New York,Training Seat,Services,4,275.0,1100.0,Paid
PB-100157,2025-06-07,Birchwood Interiors,Quebec,Workflow Platform License,Software,8,1200.0,9600.0,Paid
PB-100158,2025-02-01,Prairie Wind Farms,Ontario,Support Plan (Monthly),Services,3,450.0,1350.0,Refunded
PB-100159,2025-06-10,Maple Ridge Distribution,Alberta,Data Migration,Services,1,2400.0,2400.0,Paid
PB-100160,2025-10-29,Cedar & Co. Furniture,Manitoba,Training Seat,Services,4,275.0,1100.0,Refunded
PB-100161,2025-04-05,Blue Heron Foods,Texas,Warehouse Scanner,Hardware,8,320.0,2560.0,Paid
PB-100162,2025-10-08,Silverline Freight,Manitoba,Label Printer,Hardware,11,185.5,2040.5,Paid
PB-100163,2025-06-25,Kingston Print Works,Quebec,Data Migration,Services,7,2400.0,16800.0,Pending
PB-100164,2025-01-26,Cedar & Co. Furniture,British Columbia,Warehouse Scanner,Hardware,7,320.0,2240.0,Pending
PB-100165,2025-12-03,Cedar & Co. Furniture,Ontario,Label Printer,Hardware,1,185.5,185.5,Pending
PB-100166,2025-05-07,Birchwood Interiors,Texas,Training Seat,Services,8,275.0,2200.0,Refunded
PB-100167,2025-03-22,Granite Peak Tools,British Columbia,Support Plan (Monthly),Services,7,450.0,3150.0,Paid
PB-100168,2025-11-14,Blue Heron Foods,Ontario,Support Plan (Monthly),Services,11,450.0,4950.0,Paid
PB-100169,2025-04-15,Harbourfront Textiles,British Columbia,Support Plan (Monthly),Services,1,450.0,450.0,Paid
PB-100170,2025-11-11,Birchwood Interiors,Quebec,Training Seat,Services,5,275.0,1375.0,Pending
PB-100171,2025-10-28,Silverline Freight,New York,Data Migration,Services,2,2400.0,4800.0,Paid
PB-100172,2025-04-09,Kingston Print Works,Quebec,Warehouse Scanner,Hardware,7,320.0,2240.0,Pending
PB-100173,2025-10-06,Lakeshore Medical Supply,Manitoba,Warehouse Scanner,Hardware,1,320.0,320.0,Paid
PB-100174,2025-06-09,Lakeshore Medical Supply,Quebec,Label Printer,Hardware,6,185.5,1113.0,Refunded
PB-100175,2025-12-08,Birchwood Interiors,Quebec,Label Printer,Hardware,8,185.5,1484.0,Paid
PB-100176,2025-03-13,Maple Ridge Distribution,Texas,Implementation Day,Services,11,1800.0,19800.0,Pending
PB-100177,2025-08-16,Northwind Logistics,Texas,Implementation Day,Services,11,1800.0,19800.0,Pending
PB-100178,2025-10-16,Maple Ridge Distribution,Manitoba,Warehouse Scanner,Hardware,5,320.0,1600.0,Paid
PB-100179,2025-03-19,Blue Heron Foods,Texas,Warehouse Scanner,Hardware,10,320.0,3200.0,Refunded
PB-100180,2025-07-20,Silverline Freight,Quebec,Label Printer,Hardware,6,185.5,1113.0,Paid
PB-100181,2025-07-12,Birchwood Interiors,Quebec,Warehouse Scanner,Hardware,4,320.0,1280.0,Paid
PB-100182,2025-10-16,Prairie Wind Farms,Illinois,Label Printer,Hardware,5,185.5,927.5,Pending
PB-100183,2025-02-22,Harbourfront Textiles,Quebec,API Add-on,Software,2,99.0,198.0,Paid
PB-100184,2025-04-09,Lakeshore Medical Supply,Ontario,Support Plan (Monthly),Services,3,450.0,1350.0,Pending
PB-100185,2025-04-27,Northwind Logistics,British Columbia,Implementation Day,Services,2,1800.0,3600.0,Paid
PB-100186,2025-02-07,Granite Peak Tools,Texas,API Add-on,Software,7,99.0,693.0,Refunded
PB-100187,2025-04-16,Harbourfront Textiles,Texas,Support Plan (Monthly),Services,11,450.0,4950.0,Pending
PB-100188,2025-11-15,Northwind Logistics,Texas,Training Seat,Services,7,275.0,1925.0,Refunded
PB-100189,2025-12-05,Summit Auto Parts,Ontario,Training Seat,Services,4,275.0,1100.0,Paid
PB-100190,2025-06-25,Blue Heron Foods,Manitoba,Training Seat,Services,4,275.0,1100.0,Paid
PB-100191,2025-09-18,Granite Peak Tools,New York,API Add-on,Software,4,99.0,396.0,Paid
PB-100192,2025-10-03,Blue Heron Foods,Alberta,Support Plan (Monthly),Services,5,450.0,2250.0,Paid
PB-100193,2025-04-12,Silverline Freight,Alberta,Support Plan (Monthly),Services,10,450.0,4500.0,Refunded
PB-100194,2025-12-04,Cedar & Co. Furniture,Quebec,Workflow Platform License,Software,11,1200.0,13200.0,Paid
PB-100195,2025-10-23,Lakeshore Medical Supply,Illinois,Warehouse Scanner,Hardware,8,320.0,2560.0,Paid
PB-100196,2025-05-17,Prairie Wind Farms,Quebec,Implementation Day,Services,6,1800.0,10800.0,Pending
PB-100197,2025-10-19,Silverline Freight,Quebec,Support Plan (Monthly),Services,4,450.0,1800.0,Refunded
PB-100198,2025-06-21,Summit Auto Parts,British Columbia,Label Printer,Hardware,3,185.5,556.5,Paid
PB-100199,2025-12-17,Granite Peak Tools,Alberta,Workflow Platform License,Software,5,1200.0,6000.0,Refunded
PB-100200,2025-04-06,Summit Auto Parts,Quebec,Training Seat,Services,3,275.0,825.0,Pending
PB-100201,2025-04-03,Kingston Print Works,British Columbia,Workflow Platform License,Software,7,1200.0,8400.0,Paid
PB-100202,2025-10-31,Kingston Print Works,Ontario,API Add-on,Software,10,99.0,990.0,Paid
PB-100203,2025-08-28,Northwind Logistics,British Columbia,Warehouse Scanner,Hardware,7,320.0,2240.0,Refunded
PB-100204,2025-10-19,Lakeshore Medical Supply,British Columbia,API Add-on,Software,2,99.0,198.0,Paid
PB-100205,2025-05-05,Summit Auto Parts,Illinois,Support Plan (Monthly),Services,5,450.0,2250.0,Paid
PB-100206,2025-12-10,Harbourfront Textiles,Texas,Workflow Platform License,Software,12,1200.0,14400.0,Pending
PB-100207,2025-06-26,Lakeshore Medical Supply,Texas,Implementation Day,Services,8,1800.0,14400.0,Paid
PB-100208,2025-12-20,Lakeshore Medical Supply,Texas,Data Migration,Services,8,2400.0,19200.0,Paid
PB-100209,2025-06-19,Silverline Freight,Texas,Implementation Day,Services,9,1800.0,16200.0,Pending
PB-100210,2025-01-28,Blue Heron Foods,Texas,Workflow Platform License,Software,6,1200.0,7200.0,Pending
PB-100211,2025-10-31,Maple Ridge Distribution,Alberta,Training Seat,Services,5,275.0,1375.0,Paid
PB-100212,2025-09-15,Lakeshore Medical Supply,Ontario,Data Migration,Services,4,2400.0,9600.0,Pending
PB-100213,2025-05-03,Silverline Freight,New York,Implementation Day,Services,9,1800.0,16200.0,Pending
PB-100214,2025-12-07,Granite Peak Tools,Texas,Warehouse Scanner,Hardware,2,320.0,640.0,Refunded
PB-100215,2025-11-29,Birchwood Interiors,Texas,Support Plan (Monthly),Services,4,450.0,1800.0,Refunded
PB-100216,2025-02-20,Silverline Freight,British Columbia,Implementation Day,Services,2,1800.0,3600.0,Paid
PB-100217,2025-06-01,Cedar & Co. Furniture,New York,Data Migration,Services,1,2400.0,2400.0,Paid
PB-100218,2025-02-02,Prairie Wind Farms,Manitoba,Training Seat,Services,3,275.0,825.0,Refunded
PB-100219,2025-07-02,Birchwood Interiors,Alberta,API Add-on,Software,3,99.0,297.0,Paid
PB-100220,2025-08-21,Granite Peak Tools,New York,Label Printer,Hardware,1,185.5,185.5,Paid
PB-100221,2025-08-30,Cedar & Co. Furniture,Alberta,Data Migration,Services,3,2400.0,7200.0,Paid
PB-100222,2025-06-11,Granite Peak Tools,Manitoba,Workflow Platform License,Software,4,1200.0,4800.0,Paid
PB-100223,2025-12-24,Silverline Freight,Alberta,Support Plan (Monthly),Services,11,450.0,4950.0,Refunded
PB-100224,2025-01-26,Kingston Print Works,Quebec,Warehouse Scanner,Hardware,4,320.0,1280.0,Paid
PB-100225,2025-08-04,Birchwood Interiors,British Columbia,Training Seat,Services,5,275.0,1375.0,Paid
PB-100226,2025-02-10,Harbourfront Textiles,Alberta,Data Migration,Services,7,2400.0,16800.0,Paid
PB-100227,2025-12-20,Cedar & Co. Furniture,New York,Implementation Day,Services,12,1800.0,21600.0,Paid
PB-100228,2025-12-07,Blue Heron Foods,New York,Warehouse Scanner,Hardware,9,320.0,2880.0,Paid
PB-100229,2025-09-22,Cedar & Co. Furniture,New York,Implementation Day,Services,10,1800.0,18000.0,Paid
PB-100230,2025-03-09,Kingston Print Works,Quebec,Warehouse Scanner,Hardware,5,320.0,1600.0,Pending
PB-100231,2025-09-28,Maple Ridge Distribution,Ontario,Implementation Day,Services,8,1800.0,14400.0,Paid
PB-100232,2025-05-09,Lakeshore Medical Supply,Quebec,Label Printer,Hardware,9,185.5,1669.5,Paid
PB-100233,2025-05-06,Harbourfront Textiles,New York,Label Printer,Hardware,4,185.5,742.0,Refunded
PB-100234,2025-03-19,Northwind Logistics,Manitoba,Workflow Platform License,Software,3,1200.0,3600.0,Refunded
PB-100235,2025-09-13,Northwind Logistics,British Columbia,API Add-on,Software,1,99.0,99.0,Paid
PB-100236,2025-12-04,Prairie Wind Farms,Ontario,Training Seat,Services,6,275.0,1650.0,Refunded
PB-100237,2025-11-21,Kingston Print Works,British Columbia,Label Printer,Hardware,9,185.5,1669.5,Refunded
PB-100238,2025-11-08,Lakeshore Medical Supply,Alberta,Support Plan (Monthly),Services,2,450.0,900.0,Pending
PB-100239,2025-05-01,Blue Heron Foods,Manitoba,Label Printer,Hardware,12,185.5,2226.0,Refunded
PB-100240,2025-11-05,Prairie Wind Farms,New York,Warehouse Scanner,Hardware,10,320.0,3200.0,Paid
PB-100241,2025-01-27,Summit Auto Parts,Manitoba,Warehouse Scanner,Hardware,10,320.0,3200.0,Paid
PB-100242,2025-11-08,Northwind Logistics,Manitoba,Training Seat,Services,3,275.0,825.0,Pending
PB-100243,2025-05-15,Northwind Logistics,Quebec,Data Migration,Services,12,2400.0,28800.0,Paid
PB-100244,2025-11-24,Silverline Freight,Alberta,Support Plan (Monthly),Services,10,450.0,4500.0,Refunded
PB-100245,2025-06-09,Lakeshore Medical Supply,Ontario,Support Plan (Monthly),Services,1,450.0,450.0,Paid
PB-100246,2025-09-13,Maple Ridge Distribution,British Columbia,Label Printer,Hardware,10,185.5,1855.0,Pending
PB-100247,2025-03-23,Prairie Wind Farms,Manitoba,Label Printer,Hardware,4,185.5,742.0,Paid
PB-100248,2025-08-28,Granite Peak Tools,Alberta,Training Seat,Services,7,275.0,1925.0,Paid
PB-100249,2025-11-04,Harbourfront Textiles,British Columbia,Support Plan (Monthly),Services,8,450.0,3600.0,Pending
PB-100250,2025-05-04,Lakeshore Medical Supply,British Columbia,Workflow Platform License,Software,1,1200.0,1200.0,Paid
PB-100251,2025-06-02,Prairie Wind Farms,Texas,API Add-on,Software,9,99.0,891.0,Paid
PB-100252,2025-11-10,Cedar & Co. Furniture,New York,Workflow Platform License,Software,11,1200.0,13200.0,Paid
PB-100253,2025-05-04,Lakeshore Medical Supply,Manitoba,Implementation Day,Services,9,1800.0,16200.0,Paid
PB-100254,2025-06-08,Granite Peak Tools,Alberta,Warehouse Scanner,Hardware,6,320.0,1920.0,Paid
PB-100255,2025-10-27,Kingston Print Works,Ontario,Support Plan (Monthly),Services,7,450.0,3150.0,Paid
PB-100256,2025-07-21,Cedar & Co. Furniture,Texas,Support Plan (Monthly),Services,8,450.0,3600.0,Pending
PB-100257,2025-08-03,Granite Peak Tools,Alberta,Workflow Platform License,Software,4,1200.0,4800.0,Paid
PB-100258,2025-04-15,Lakeshore Medical Supply,Alberta,Support Plan (Monthly),Services,8,450.0,3600.0,Refunded
PB-100259,2025-08-30,Prairie Wind Farms,Manitoba,Data Migration,Services,5,2400.0,12000.0,Paid
PB-100260,2025-10-04,Lakeshore Medical Supply,Texas,Data Migration,Services,4,2400.0,9600.0,Paid
PB-100261,2025-05-22,Granite Peak Tools,New York,Workflow Platform License,Software,12,1200.0,14400.0,Refunded
PB-100262,2025-04-04,Birchwood Interiors,New York,Workflow Platform License,Software,9,1200.0,10800.0,Refunded
PB-100263,2025-11-29,Birchwood Interiors,Alberta,API Add-on,Software,10,99.0,990.0,Paid
PB-100264,2025-01-30,Harbourfront Textiles,Illinois,Implementation Day,Services,6,1800.0,10800.0,Paid
PB-100265,2025-03-03,Northwind Logistics,Illinois,Warehouse Scanner,Hardware,12,320.0,3840.0,Pending
PB-100266,2025-07-15,Granite Peak Tools,New York,Data Migration,Services,2,2400.0,4800.0,Refunded
PB-100267,2025-07-21,Summit Auto Parts,Alberta,Workflow Platform License,Software,5,1200.0,6000.0,Pending
PB-100268,2025-03-19,Silverline Freight,British Columbia,Workflow Platform License,Software,4,1200.0,4800.0,Paid
PB-100269,2025-07-30,Lakeshore Medical Supply,Manitoba,Warehouse Scanner,Hardware,5,320.0,1600.0,Refunded
PB-100270,2025-12-28,Silverline Freight,New York,Support Plan (Monthly),Services,9,450.0,4050.0,Paid
PB-100271,2025-07-13,Harbourfront Textiles,Alberta,Data Migration,Services,11,2400.0,26400.0,Paid
PB-100272,2025-03-11,Lakeshore Medical Supply,Illinois,Data Migration,Services,7,2400.0,16800.0,Paid
PB-100273,2025-07-09,Granite Peak Tools,Alberta,Implementation Day,Services,5,1800.0,9000.0,Paid
PB-100274,2025-11-19,Prairie Wind Farms,Ontario,Workflow Platform License,Software,1,1200.0,1200.0,Paid
PB-100275,2025-10-13,Birchwood Interiors,Illinois,Implementation Day,Services,4,1800.0,7200.0,Paid
PB-100276,2025-11-20,Blue Heron Foods,Quebec,Training Seat,Services,4,275.0,1100.0,Pending
PB-100277,2025-09-10,Northwind Logistics,Manitoba,Implementation Day,Services,7,1800.0,12600.0,Pending
PB-100278,2025-09-12,Birchwood Interiors,New York,Training Seat,Services,5,275.0,1375.0,Paid
PB-100279,2025-04-14,Prairie Wind Farms,British Columbia,Support Plan (Monthly),Services,7,450.0,3150.0,Paid
PB-100280,2025-02-17,Birchwood Interiors,Illinois,Warehouse Scanner,Hardware,9,320.0,2880.0,Pending
PB-100281,2025-10-26,Blue Heron Foods,New York,Support Plan (Monthly),Services,8,450.0,3600.0,Paid
PB-100282,2025-07-06,Maple Ridge Distribution,Texas,API Add-on,Software,2,99.0,198.0,Paid
PB-100283,2025-09-11,Summit Auto Parts,New York,Workflow Platform License,Software,7,1200.0,8400.0,Pending
PB-100284,2025-02-07,Northwind Logistics,Ontario,Training Seat,Services,5,275.0,1375.0,Paid
PB-100285,2025-10-17,Blue Heron Foods,New York,Training Seat,Services,6,275.0,1650.0,Paid
PB-100286,2025-11-12,Granite Peak Tools,Illinois,Data Migration,Services,7,2400.0,16800.0,Paid
PB-100287,2025-11-18,Northwind Logistics,Texas,Warehouse Scanner,Hardware,2,320.0,640.0,Refunded
PB-100288,2025-05-22,Maple Ridge Distribution,Manitoba,API Add-on,Software,2,99.0,198.0,Pending
PB-100289,2025-01-20,Harbourfront Textiles,New York,API Add-on,Software,7,99.0,693.0,Paid
PB-100290,2025-08-31,Northwind Logistics,British Columbia,Data Migration,Services,6,2400.0,14400.0,Refunded
PB-100291,2025-04-27,Blue Heron Foods,Alberta,Warehouse Scanner,Hardware,5,320.0,1600.0,Paid
PB-100292,2025-07-21,Northwind Logistics,Alberta,Workflow Platform License,Software,9,1200.0,10800.0,Refunded
PB-100293,2025-10-08,Maple Ridge Distribution,Illinois,Data Migration,Services,11,2400.0,26400.0,Paid
PB-100294,2025-01-10,Granite Peak Tools,Alberta,Training Seat,Services,2,275.0,550.0,Pending
PB-100295,2025-03-24,Harbourfront Textiles,Illinois,Support Plan (Monthly),Services,4,450.0,1800.0,Refunded
PB-100296,2025-05-31,Granite Peak Tools,Texas,Data Migration,Services,10,2400.0,24000.0,Paid
PB-100297,2025-12-09,Silverline Freight,Manitoba,Training Seat,Services,12,275.0,3300.0,Paid
PB-100298,2025-06-16,Birchwood Interiors,British Columbia,Warehouse Scanner,Hardware,6,320.0,1920.0,Refunded
PB-100299,2025-02-05,Maple Ridge Distribution,New York,Support Plan (Monthly),Services,2,450.0,900.0,Paid
PB-100300,2025-12-14,Prairie Wind Farms,Ontario,Data Migration,Services,9,2400.0,21600.0,Paid
PB-100301,2025-01-28,Granite Peak Tools,New York,API Add-on,Software,8,99.0,792.0,Pending
PB-100302,2025-11-22,Blue Heron Foods,Illinois,API Add-on,Software,5,99.0,495.0,Paid
PB-100303,2025-04-15,Summit Auto Parts,British Columbia,Support Plan (Monthly),Services,6,450.0,2700.0,Refunded
PB-100304,2025-12-28,Harbourfront Textiles,New York,API Add-on,Software,11,99.0,1089.0,Paid
PB-100305,2025-07-12,Summit Auto Parts,New York,Support Plan (Monthly),Services,4,450.0,1800.0,Paid
PB-100306,2025-08-30,Summit Auto Parts,British Columbia,Support Plan (Monthly),Services,1,450.0,450.0,Paid
PB-100307,2025-05-10,Kingston Print Works,Texas,Label Printer,Hardware,7,185.5,1298.5,Pending
PB-100308,2025-03-22,Birchwood Interiors,Quebec,Support Plan (Monthly),Services,1,450.0,450.0,Paid
PB-100309,2025-07-02,Birchwood Interiors,Quebec,Warehouse Scanner,Hardware,5,320.0,1600.0,Pending
PB-100310,2025-10-05,Prairie Wind Farms,British Columbia,Training Seat,Services,1,275.0,275.0,Paid
PB-100311,2025-08-13,Kingston Print Works,New York,Implementation Day,Services,5,1800.0,9000.0,Paid
PB-100312,2025-11-13,Lakeshore Medical Supply,British Columbia,API Add-on,Software,12,99.0,1188.0,Refunded
PB-100313,2025-12-22,Cedar & Co. Furniture,New York,API Add-on,Software,11,99.0,1089.0,Paid
PB-100314,2025-02-24,Silverline Freight,New York,Data Migration,Services,3,2400.0,7200.0,Pending
PB-100315,2025-03-19,Granite Peak Tools,Ontario,API Add-on,Software,2,99.0,198.0,Paid
PB-100316,2025-11-17,Lakeshore Medical Supply,New York,Support Plan (Monthly),Services,5,450.0,2250.0,Paid
PB-100317,2025-09-04,Cedar & Co. Furniture,Illinois,Warehouse Scanner,Hardware,2,320.0,640.0,Refunded
PB-100318,2025-01-27,Harbourfront Textiles,Quebec,Label Printer,Hardware,9,185.5,1669.5,Paid
PB-100319,2025-02-10,Northwind Logistics,British Columbia,Label Printer,Hardware,11,185.5,2040.5,Paid
PB-100320,2025-04-14,Lakeshore Medical Supply,Manitoba,Data Migration,Services,3,2400.0,7200.0,Paid
PB-100321,2025-10-14,Lakeshore Medical Supply,Ontario,API Add-on,Software,6,99.0,594.0,Paid
PB-100322,2025-04-07,Blue Heron Foods,Alberta,Label Printer,Hardware,5,185.5,927.5,Pending
PB-100323,2025-01-14,Harbourfront Textiles,Quebec,Workflow Platform License,Software,3,1200.0,3600.0,Paid
PB-100324,2025-01-13,Silverline Freight,New York,Label Printer,Hardware,6,185.5,1113.0,Paid
PB-100325,2025-04-18,Maple Ridge Distribution,Illinois,Data Migration,Services,1,2400.0,2400.0,Paid
PB-100326,2025-09-11,Lakeshore Medical Supply,New York,Label Printer,Hardware,4,185.5,742.0,Refunded
PB-100327,2025-07-25,Birchwood Interiors,Texas,Implementation Day,Services,8,1800.0,14400.0,Paid
PB-100328,2025-10-23,Harbourfront Textiles,Alberta,Workflow Platform License,Software,1,1200.0,1200.0,Paid
PB-100329,2025-07-09,Silverline Freight,New York,API Add-on,Software,12,99.0,1188.0,Paid
PB-100330,2025-06-09,Blue Heron Foods,Quebec,Data Migration,Services,6,2400.0,14400.0,Paid
PB-100331,2025-06-21,Cedar & Co. Furniture,British Columbia,Implementation Day,Services,5,1800.0,9000.0,Paid
PB-100332,2025-03-08,Silverline Freight,New York,Workflow Platform License,Software,12,1200.0,14400.0,Paid
PB-100333,2025-02-24,Harbourfront Textiles,British Columbia,Support Plan (Monthly),Services,6,450.0,2700.0,Paid
PB-100334,2025-08-09,Northwind Logistics,Ontario,Training Seat,Services,3,275.0,825.0,Pending
PB-100335,2025-02-18,Granite Peak Tools,Alberta,Workflow Platform License,Software,7,1200.0,8400.0,Paid
PB-100336,2025-02-04,Summit Auto Parts,Quebec,Support Plan (Monthly),Services,6,450.0,2700.0,Refunded
PB-100337,2025-08-31,Cedar & Co. Furniture,Manitoba,Training Seat,Services,7,275.0,1925.0,Pending
PB-100338,2025-02-05,Kingston Print Works,Texas,Support Plan (Monthly),Services,5,450.0,2250.0,Paid
PB-100339,2025-09-26,Northwind Logistics,British Columbia,Support Plan (Monthly),Services,6,450.0,2700.0,Pending
PB-100340,2025-11-12,Summit Auto Parts,Illinois,Workflow Platform License,Software,4,1200.0,4800.0,Pending
PB-100341,2025-10-18,Maple Ridge Distribution,Quebec,API Add-on,Software,9,99.0,891.0,Pending
PB-100342,2025-08-28,Lakeshore Medical Supply,Texas,API Add-on,Software,11,99.0,1089.0,Refunded
PB-100343,2025-11-04,Silverline Freight,Ontario,Warehouse Scanner,Hardware,7,320.0,2240.0,Refunded
PB-100344,2025-11-18,Prairie Wind Farms,Manitoba,Workflow Platform License,Software,9,1200.0,10800.0,Paid
PB-100345,2025-01-28,Granite Peak Tools,British Columbia,Workflow Platform License,Software,10,1200.0,12000.0,Refunded
PB-100346,2025-05-12,Birchwood Interiors,Illinois,Data Migration,Services,6,2400.0,14400.0,Paid
PB-100347,2025-07-25,Northwind Logistics,British Columbia,Data Migration,Services,9,2400.0,21600.0,Pending
PB-100348,2025-04-06,Kingston Print Works,British Columbia,Implementation Day,Services,4,1800.0,7200.0,Paid
PB-100349,2025-05-09,Blue Heron Foods,Quebec,Implementation Day,Services,9,1800.0,16200.0,Paid
PB-100350,2025-06-25,Blue Heron Foods,Illinois,Workflow Platform License,Software,12,1200.0,14400.0,Pending
PB-100351,2025-01-08,Lakeshore Medical Supply,Alberta,Warehouse Scanner,Hardware,9,320.0,2880.0,Pending
PB-100352,2025-05-03,Maple Ridge Distribution,Quebec,Label Printer,Hardware,11,185.5,2040.5,Refunded
PB-100353,2025-05-04,Maple Ridge Distribution,Manitoba,Data Migration,Services,8,2400.0,19200.0,Paid
PB-100354,2025-07-07,Harbourfront Textiles,Quebec,Implementation Day,Services,3,1800.0,5400.0,Paid
PB-100355,2025-04-23,Blue Heron Foods,Quebec,Workflow Platform License,Software,6,1200.0,7200.0,Pending
PB-100356,2025-07-18,Northwind Logistics,Manitoba,Support Plan (Monthly),Services,10,450.0,4500.0,Pending
PB-100357,2025-11-29,Cedar & Co. Furniture,Illinois,Implementation Day,Services,2,1800.0,3600.0,Paid
PB-100358,2025-01-08,Granite Peak Tools,Illinois,API Add-on,Software,7,99.0,693.0,Paid
PB-100359,2025-04-18,Harbourfront Textiles,British Columbia,Warehouse Scanner,Hardware,12,320.0,3840.0,Paid
PB-100360,2025-03-08,Blue Heron Foods,Quebec,Data Migration,Services,1,2400.0,2400.0,Paid
PB-100361,2025-11-15,Granite Peak Tools,New York,Training Seat,Services,10,275.0,2750.0,Paid
PB-100362,2025-12-21,Cedar & Co. Furniture,Illinois,Workflow Platform License,Software,2,1200.0,2400.0,Paid
PB-100363,2025-03-16,Maple Ridge Distribution,New York,API Add-on,Software,4,99.0,396.0,Pending
PB-100364,2025-07-29,Blue Heron Foods,Manitoba,Training Seat,Services,10,275.0,2750.0,Paid
PB-100365,2025-06-27,Silverline Freight,Texas,Implementation Day,Services,2,1800.0,3600.0,Paid
PB-100366,2025-03-02,Blue Heron Foods,Quebec,Data Migration,Services,10,2400.0,24000.0,Paid
PB-100367,2025-11-28,Prairie Wind Farms,Alberta,Implementation Day,Services,11,1800.0,19800.0,Pending
PB-100368,2025-07-31,Summit Auto Parts,Alberta,API Add-on,Software,4,99.0,396.0,Pending
PB-100369,2025-08-03,Granite Peak Tools,New York,Implementation Day,Services,6,1800.0,10800.0,Refunded
PB-100370,2025-05-18,Blue Heron Foods,Ontario,Data Migration,Services,11,2400.0,26400.0,Refunded
PB-100371,2025-07-30,Granite Peak Tools,British Columbia,Warehouse Scanner,Hardware,1,320.0,320.0,Refunded
PB-100372,2025-08-04,Blue Heron Foods,Illinois,Label Printer,Hardware,7,185.5,1298.5,Paid
PB-100373,2025-12-03,Maple Ridge Distribution,Manitoba,Implementation Day,Services,9,1800.0,16200.0,Paid
PB-100374,2025-01-09,Granite Peak Tools,Ontario,Implementation Day,Services,6,1800.0,10800.0,Refunded
PB-100375,2025-12-09,Kingston Print Works,British Columbia,Training Seat,Services,1,275.0,275.0,Pending
PB-100376,2025-03-29,Prairie Wind Farms,Illinois,Implementation Day,Services,6,1800.0,10800.0,Pending
PB-100377,2025-01-11,Lakeshore Medical Supply,Texas,Workflow Platform License,Software,4,1200.0,4800.0,Paid
PB-100378,2025-02-04,Prairie Wind Farms,Texas,Implementation Day,Services,1,1800.0,1800.0,Paid
PB-100379,2025-07-09,Harbourfront Textiles,Texas,Warehouse Scanner,Hardware,8,320.0,2560.0,Paid
PB-100380,2025-03-27,Kingston Print Works,New York,Implementation Day,Services,1,1800.0,1800.0,Pending
PB-100381,2025-08-28,Harbourfront Textiles,Ontario,Implementation Day,Services,7,1800.0,12600.0,Paid
PB-100382,2025-02-25,Granite Peak Tools,Texas,Training Seat,Services,1,275.0,275.0,Refunded
PB-100383,2025-06-04,Silverline Freight,Quebec,Implementation Day,Services,2,1800.0,3600.0,Paid
PB-100384,2025-12-06,Maple Ridge Distribution,New York,Warehouse Scanner,Hardware,3,320.0,960.0,Paid
PB-100385,2025-05-07,Summit Auto Parts,Texas,Training Seat,Services,4,275.0,1100.0,Pending
PB-100386,2025-10-29,Prairie Wind Farms,British Columbia,Workflow Platform License,Software,4,1200.0,4800.0,Refunded
PB-100387,2025-03-12,Maple Ridge Distribution,British Columbia,Implementation Day,Services,8,1800.0,14400.0,Paid
PB-100388,2025-11-13,Summit Auto Parts,Quebec,Support Plan (Monthly),Services,7,450.0,3150.0,Pending
PB-100389,2025-03-20,Maple Ridge Distribution,Texas,Workflow Platform License,Software,4,1200.0,4800.0,Paid
PB-100390,2025-11-13,Northwind Logistics,Texas,Label Printer,Hardware,9,185.5,1669.5,Paid
PB-100391,2025-10-06,Kingston Print Works,Ontario,Data Migration,Services,5,2400.0,12000.0,Pending
PB-100392,2025-02-10,Cedar & Co. Furniture,New York,API Add-on,Software,5,99.0,495.0,Refunded
PB-100393,2025-08-03,Granite Peak Tools,Manitoba,Implementation Day,Services,11,1800.0,19800.0,Paid
PB-100394,2025-09-14,Maple Ridge Distribution,Texas,Support Plan (Monthly),Services,10,450.0,4500.0,Paid
PB-100395,2025-11-04,Blue Heron Foods,Alberta,Label Printer,Hardware,12,185.5,2226.0,Paid
PB-100396,2025-09-02,Lakeshore Medical Supply,Illinois,Implementation Day,Services,7,1800.0,12600.0,Pending
PB-100397,2025-03-01,Northwind Logistics,New York,Training Seat,Services,8,275.0,2200.0,Refunded
PB-100398,2025-09-28,Lakeshore Medical Supply,Illinois,Workflow Platform License,Software,3,1200.0,3600.0,Pending
PB-100399,2025-02-20,Birchwood Interiors,Illinois,Warehouse Scanner,Hardware,11,320.0,3520.0,Paid
PB-100400,2025-09-05,Cedar & Co. Furniture,Manitoba,Training Seat,Services,6,275.0,1650.0,Paid
PB-100401,2025-10-31,Maple Ridge Distribution,Ontario,Training Seat,Services,7,275.0,1925.0,Refunded
PB-100402,2025-07-07,Summit Auto Parts,Illinois,Training Seat,Services,4,275.0,1100.0,Paid
PB-100403,2025-10-29,Northwind Logistics,Illinois,Warehouse Scanner,Hardware,10,320.0,3200.0,Paid
PB-100404,2025-09-22,Granite Peak Tools,Ontario,Data Migration,Services,2,2400.0,4800.0,Paid
PB-100405,2025-10-29,Blue Heron Foods,Texas,Warehouse Scanner,Hardware,5,320.0,1600.0,Paid
PB-100406,2025-05-27,Summit Auto Parts,Quebec,API Add-on,Software,2,99.0,198.0,Paid
PB-100407,2025-05-09,Granite Peak Tools,Ontario,API Add-on,Software,4,99.0,396.0,Paid
PB-100408,2025-05-27,Kingston Print Works,New York,Support Plan (Monthly),Services,3,450.0,1350.0,Paid
PB-100409,2025-07-22,Summit Auto Parts,Quebec,Data Migration,Services,1,2400.0,2400.0,Refunded
PB-100410,2025-11-24,Birchwood Interiors,Ontario,Support Plan (Monthly),Services,6,450.0,2700.0,Refunded
PB-100411,2025-10-07,Northwind Logistics,Manitoba,Warehouse Scanner,Hardware,10,320.0,3200.0,Pending
PB-100412,2025-11-17,Maple Ridge Distribution,British Columbia,Training Seat,Services,11,275.0,3025.0,Paid
PB-100413,2025-03-13,Lakeshore Medical Supply,Manitoba,Data Migration,Services,11,2400.0,26400.0,Pending
PB-100414,2025-06-13,Birchwood Interiors,Quebec,Implementation Day,Services,8,1800.0,14400.0,Paid
PB-100415,2025-10-08,Birchwood Interiors,Quebec,Training Seat,Services,11,275.0,3025.0,Paid
PB-100416,2025-12-20,Kingston Print Works,Quebec,API Add-on,Software,5,99.0,495.0,Paid
PB-100417,2025-06-15,Silverline Freight,British Columbia,Implementation Day,Services,7,1800.0,12600.0,Paid
PB-100418,2025-08-30,Lakeshore Medical Supply,Ontario,Support Plan (Monthly),Services,5,450.0,2250.0,Pending
PB-100419,2025-12-12,Birchwood Interiors,Manitoba,API Add-on,Software,4,99.0,396.0,Pending
PB-100420,2025-07-18,Silverline Freight,Manitoba,API Add-on,Software,12,99.0,1188.0,Paid
PB-100421,2025-06-15,Cedar & Co. Furniture,Ontario,Support Plan (Monthly),Services,10,450.0,4500.0,Paid
PB-100422,2025-06-29,Lakeshore Medical Supply,Texas,Support Plan (Monthly),Services,11,450.0,4950.0,Pending
PB-100423,2025-10-26,Harbourfront Textiles,Manitoba,Data Migration,Services,6,2400.0,14400.0,Pending
PB-100424,2025-12-24,Prairie Wind Farms,Alberta,Training Seat,Services,2,275.0,550.0,Paid
PB-100425,2025-07-30,Summit Auto Parts,Ontario,Training Seat,Services,12,275.0,3300.0,Paid
PB-100426,2025-07-13,Cedar & Co. Furniture,Alberta,Implementation Day,Services,5,1800.0,9000.0,Pending
PB-100427,2025-04-03,Lakeshore Medical Supply,Manitoba,Implementation Day,Services,9,1800.0,16200.0,Pending
PB-100428,2025-04-29,Harbourfront Textiles,Quebec,Data Migration,Services,2,2400.0,4800.0,Paid
PB-100429,2025-12-24,Granite Peak Tools,British Columbia,Support Plan (Monthly),Services,1,450.0,450.0,Refunded
PB-100430,2025-09-08,Harbourfront Textiles,Manitoba,Data Migration,Services,6,2400.0,14400.0,Paid
PB-100431,2025-05-07,Harbourfront Textiles,Alberta,Label Printer,Hardware,2,185.5,371.0,Paid
PB-100432,2025-03-25,Cedar & Co. Furniture,British Columbia,Training Seat,Services,2,275.0,550.0,Paid
PB-100433,2025-02-25,Birchwood Interiors,New York,Training Seat,Services,6,275.0,1650.0,Refunded
PB-100434,2025-05-08,Granite Peak Tools,Ontario,Label Printer,Hardware,2,185.5,371.0,Paid
PB-100435,2025-05-31,Blue Heron Foods,New York,Label Printer,Hardware,11,185.5,2040.5,Refunded
PB-100436,2025-09-06,Maple Ridge Distribution,New York,Support Plan (Monthly),Services,5,450.0,2250.0,Paid
PB-100437,2025-09-18,Harbourfront Textiles,Texas,Label Printer,Hardware,5,185.5,927.5,Paid
PB-100438,2025-02-15,Silverline Freight,British Columbia,Support Plan (Monthly),Services,10,450.0,4500.0,Refunded
PB-100439,2025-01-28,Lakeshore Medical Supply,Illinois,Label Printer,Hardware,5,185.5,927.5,Refunded
PB-100440,2025-08-20,Kingston Print Works,Illinois,Warehouse Scanner,Hardware,8,320.0,2560.0,Paid
PB-100441,2025-09-16,Blue Heron Foods,Illinois,Warehouse Scanner,Hardware,11,320.0,3520.0,Paid
PB-100442,2025-02-26,Summit Auto Parts,Quebec,Implementation Day,Services,9,1800.0,16200.0,Paid
PB-100443,2025-10-17,Maple Ridge Distribution,Alberta,Workflow Platform License,Software,2,1200.0,2400.0,Paid
PB-100444,2025-03-14,Northwind Logistics,Quebec,Label Printer,Hardware,6,185.5,1113.0,Paid
PB-100445,2025-10-20,Harbourfront Textiles,Quebec,Workflow Platform License,Software,7,1200.0,8400.0,Pending
PB-100446,2025-09-27,Birchwood Interiors,Illinois,Support Plan (Monthly),Services,2,450.0,900.0,Refunded
PB-100447,2025-12-27,Maple Ridge Distribution,Texas,Data Migration,Services,4,2400.0,9600.0,Paid
PB-100448,2025-02-10,Birchwood Interiors,Manitoba,Data Migration,Services,4,2400.0,9600.0,Paid
PB-100449,2025-06-03,Blue Heron Foods,Illinois,Implementation Day,Services,3,1800.0,5400.0,Paid
PB-100450,2025-10-05,Harbourfront Textiles,Texas,Label Printer,Hardware,3,185.5,556.5,Paid
PB-100451,2025-12-18,Summit Auto Parts,Illinois,Data Migration,Services,10,2400.0,24000.0,Paid
PB-100452,2025-03-22,Northwind Logistics,Quebec,Implementation Day,Services,9,1800.0,16200.0,Paid
PB-100453,2025-01-13,Lakeshore Medical Supply,Ontario,Label Printer,Hardware,5,185.5,927.5,Paid
PB-100454,2025-11-06,Silverline Freight,Quebec,Support Plan (Monthly),Services,12,450.0,5400.0,Paid
PB-100455,2025-04-21,Lakeshore Medical Supply,Alberta,Training Seat,Services,2,275.0,550.0,Pending
PB-100456,2025-04-23,Granite Peak Tools,Texas,Training Seat,Services,6,275.0,1650.0,Paid
PB-100457,2025-01-25,Summit Auto Parts,Illinois,Warehouse Scanner,Hardware,5,320.0,1600.0,Refunded
PB-100458,2025-12-12,Granite Peak Tools,Manitoba,Training Seat,Services,9,275.0,2475.0,Paid
PB-100459,2025-04-13,Harbourfront Textiles,Alberta,API Add-on,Software,3,99.0,297.0,Paid
PB-100460,2025-04-24,Granite Peak Tools,British Columbia,Data Migration,Services,8,2400.0,19200.0,Paid
PB-100461,2025-09-25,Summit Auto Parts,New York,Label Printer,Hardware,10,185.5,1855.0,Refunded
PB-100462,2025-06-09,Cedar & Co. Furniture,Quebec,Workflow Platform License,Software,3,1200.0,3600.0,Paid
PB-100463,2025-04-15,Kingston Print Works,Ontario,Training Seat,Services,12,275.0,3300.0,Paid
PB-100464,2025-12-17,Silverline Freight,Alberta,Implementation Day,Services,2,1800.0,3600.0,Pending
PB-100465,2025-08-01,Silverline Freight,British Columbia,Warehouse Scanner,Hardware,1,320.0,320.0,Paid
PB-100466,2025-02-07,Lakeshore Medical Supply,British Columbia,Training Seat,Services,2,275.0,550.0,Pending
PB-100467,2025-04-16,Lakeshore Medical Supply,New York,Warehouse Scanner,Hardware,6,320.0,1920.0,Refunded
PB-100468,2025-01-08,Northwind Logistics,Manitoba,Implementation Day,Services,8,1800.0,14400.0,Paid
PB-100469,2025-08-06,Harbourfront Textiles,British Columbia,API Add-on,Software,2,99.0,198.0,Paid
PB-100470,2025-09-10,Cedar & Co. Furniture,Illinois,Warehouse Scanner,Hardware,3,320.0,960.0,Paid
PB-100471,2025-03-14,Birchwood Interiors,Illinois,Support Plan (Monthly),Services,3,450.0,1350.0,Paid
PB-100472,2025-03-11,Birchwood Interiors,Alberta,Warehouse Scanner,Hardware,4,320.0,1280.0,Pending
PB-100473,2025-03-03,Blue Heron Foods,British Columbia,Training Seat,Services,6,275.0,1650.0,Paid
PB-100474,2025-06-27,Kingston Print Works,Ontario,Support Plan (Monthly),Services,12,450.0,5400.0,Paid
PB-100475,2025-04-04,Summit Auto Parts,Quebec,Label Printer,Hardware,6,185.5,1113.0,Paid
PB-100476,2025-05-15,Maple Ridge Distribution,Quebec,Data Migration,Services,9,2400.0,21600.0,Paid
PB-100477,2025-06-08,Kingston Print Works,British Columbia,Workflow Platform License,Software,2,1200.0,2400.0,Paid
PB-100478,2025-10-19,Maple Ridge Distribution,New York,Training Seat,Services,11,275.0,3025.0,Pending
PB-100479,2025-11-05,Prairie Wind Farms,Manitoba,Data Migration,Services,6,2400.0,14400.0,Paid
PB-100480,2025-08-29,Kingston Print Works,Ontario,Warehouse Scanner,Hardware,3,320.0,960.0,Pending
PB-100481,2025-01-27,Blue Heron Foods,British Columbia,API Add-on,Software,9,99.0,891.0,Paid
PB-100482,2025-04-19,Northwind Logistics,Ontario,Support Plan (Monthly),Services,7,450.0,3150.0,Paid
PB-100483,2025-11-10,Kingston Print Works,Quebec,API Add-on,Software,8,99.0,792.0,Pending
PB-100484,2025-06-25,Northwind Logistics,British Columbia,Workflow Platform License,Software,3,1200.0,3600.0,Paid
PB-100485,2025-05-14,Summit Auto Parts,Illinois,Workflow Platform License,Software,6,1200.0,7200.0,Pending
PB-100486,2025-06-12,Harbourfront Textiles,Illinois,Label Printer,Hardware,10,185.5,1855.0,Paid
PB-100487,2025-10-04,Summit Auto Parts,Manitoba,API Add-on,Software,7,99.0,693.0,Paid
PB-100488,2025-04-30,Kingston Print Works,British Columbia,Training Seat,Services,8,275.0,2200.0,Pending
PB-100489,2025-06-10,Cedar & Co. Furniture,Texas,Label Printer,Hardware,3,185.5,556.5,Paid
PB-100490,2025-11-24,Maple Ridge Distribution,Ontario,Training Seat,Services,5,275.0,1375.0,Paid
PB-100491,2025-02-27,Prairie Wind Farms,Texas,Data Migration,Services,9,2400.0,21600.0,Paid
PB-100492,2025-05-18,Prairie Wind Farms,Manitoba,Data Migration,Services,7,2400.0,16800.0,Paid
PB-100493,2025-09-12,Kingston Print Works,Manitoba,Implementation Day,Services,6,1800.0,10800.0,Paid
PB-100494,2025-05-24,Silverline Freight,Manitoba,Support Plan (Monthly),Services,1,450.0,450.0,Paid
PB-100495,2025-01-26,Cedar & Co. Furniture,Texas,Implementation Day,Services,5,1800.0,9000.0,Paid
PB-100496,2025-11-21,Silverline Freight,Quebec,Label Printer,Hardware,4,185.5,742.0,Pending
PB-100497,2025-01-30,Maple Ridge Distribution,Manitoba,Training Seat,Services,9,275.0,2475.0,Pending
PB-100498,2025-06-11,Kingston Print Works,Illinois,Support Plan (Monthly),Services,5,450.0,2250.0,Paid
PB-100499,2025-08-17,Blue Heron Foods,British Columbia,Warehouse Scanner,Hardware,12,320.0,3840.0,Paid
PB-100500,2025-04-01,Maple Ridge Distribution,Manitoba,Label Printer,Hardware,5,185.5,927.5,Paid
PB-100501,2025-01-12,Silverline Freight,Illinois,Warehouse Scanner,Hardware,1,320.0,320.0,Pending
PB-100502,2025-02-03,Kingston Print Works,British Columbia,API Add-on,Software,11,99.0,1089.0,Paid
PB-100503,2025-07-19,Blue Heron Foods,New York,Label Printer,Hardware,5,185.5,927.5,Paid
PB-100504,2025-11-15,Kingston Print Works,British Columbia,Label Printer,Hardware,12,185.5,2226.0,Paid
PB-100505,2025-07-21,Northwind Logistics,New York,API Add-on,Software,7,99.0,693.0,Pending
PB-100506,2025-07-16,Birchwood Interiors,Illinois,Data Migration,Services,4,2400.0,9600.0,Paid
PB-100507,2025-09-13,Cedar & Co. Furniture,Alberta,Workflow Platform License,Software,3,1200.0,3600.0,Refunded
PB-100508,2025-03-20,Silverline Freight,Texas,Implementation Day,Services,12,1800.0,21600.0,Paid
PB-100509,2025-12-20,Harbourfront Textiles,Ontario,Data Migration,Services,5,2400.0,12000.0,Paid
PB-100510,2025-06-18,Northwind Logistics,Ontario,Implementation Day,Services,6,1800.0,10800.0,Paid
PB-100511,2025-01-30,Granite Peak Tools,Quebec,Label Printer,Hardware,8,185.5,1484.0,Paid
PB-100512,2025-09-07,Maple Ridge Distribution,Ontario,Warehouse Scanner,Hardware,9,320.0,2880.0,Paid
PB-100513,2025-09-27,Cedar & Co. Furniture,New York,Workflow Platform License,Software,8,1200.0,9600.0,Paid
PB-100514,2025-08-11,Granite Peak Tools,Texas,Training Seat,Services,4,275.0,1100.0,Paid
PB-100515,2025-07-01,Blue Heron Foods,Texas,Training Seat,Services,1,275.0,275.0,Paid
PB-100516,2025-08-31,Maple Ridge Distribution,Quebec,API Add-on,Software,4,99.0,396.0,Pending
PB-100517,2025-12-18,Lakeshore Medical Supply,New York,API Add-on,Software,8,99.0,792.0,Refunded
PB-100518,2025-09-28,Maple Ridge Distribution,Alberta,API Add-on,Software,1,99.0,99.0,Paid
PB-100519,2025-03-18,Harbourfront Textiles,New York,Workflow Platform License,Software,10,1200.0,12000.0,Refunded
PB-100520,2025-11-28,Northwind Logistics,Ontario,Training Seat,Services,5,275.0,1375.0,Pending
PB-100521,2025-02-24,Prairie Wind Farms,Alberta,Workflow Platform License,Software,7,1200.0,8400.0,Paid
PB-100522,2025-02-06,Northwind Logistics,New York,Workflow Platform License,Software,9,1200.0,10800.0,Pending
PB-100523,2025-08-06,Prairie Wind Farms,Alberta,Data Migration,Services,3,2400.0,7200.0,Pending
PB-100524,2025-11-12,Lakeshore Medical Supply,Ontario,Warehouse Scanner,Hardware,11,320.0,3520.0,Paid
PB-100525,2025-01-29,Summit Auto Parts,Manitoba,Support Plan (Monthly),Services,4,450.0,1800.0,Pending
PB-100526,2025-02-07,Birchwood Interiors,Texas,Workflow Platform License,Software,7,1200.0,8400.0,Pending
PB-100527,2025-05-06,Birchwood Interiors,Manitoba,Implementation Day,Services,4,1800.0,7200.0,Refunded
PB-100528,2025-03-03,Granite Peak Tools,New York,Training Seat,Services,11,275.0,3025.0,Paid
PB-100529,2025-09-18,Summit Auto Parts,Texas,Warehouse Scanner,Hardware,12,320.0,3840.0,Pending
PB-100530,2025-01-18,Maple Ridge Distribution,New York,Warehouse Scanner,Hardware,5,320.0,1600.0,Pending
PB-100531,2025-12-06,Lakeshore Medical Supply,Alberta,Warehouse Scanner,Hardware,6,320.0,1920.0,Pending
PB-100532,2025-04-19,Summit Auto Parts,Ontario,API Add-on,Software,6,99.0,594.0,Pending
PB-100533,2025-02-15,Prairie Wind Farms,Manitoba,Label Printer,Hardware,10,185.5,1855.0,Refunded
PB-100534,2025-07-12,Kingston Print Works,Texas,Data Migration,Services,11,2400.0,26400.0,Paid
PB-100535,2025-04-28,Birchwood Interiors,Manitoba,Warehouse Scanner,Hardware,5,320.0,1600.0,Pending
PB-100536,2025-06-02,Cedar & Co. Furniture,Quebec,Warehouse Scanner,Hardware,11,320.0,3520.0,Refunded
PB-100537,2025-12-31,Lakeshore Medical Supply,Ontario,Training Seat,Services,10,275.0,2750.0,Pending
PB-100538,2025-05-13,Maple Ridge Distribution,Texas,Training Seat,Services,7,275.0,1925.0,Paid
PB-100539,2025-04-11,Birchwood Interiors,Texas,API Add-on,Software,5,99.0,495.0,Paid
PB-100540,2025-01-27,Cedar & Co. Furniture,Texas,Data Migration,Services,10,2400.0,24000.0,Paid
PB-100541,2025-07-06,Summit Auto Parts,Manitoba,Training Seat,Services,12,275.0,3300.0,Paid
PB-100542,2025-12-15,Silverline Freight,Texas,Label Printer,Hardware,12,185.5,2226.0,Refunded
PB-100543,2025-03-11,Summit Auto Parts,Illinois,Support Plan (Monthly),Services,1,450.0,450.0,Refunded
PB-100544,2025-10-18,Granite Peak Tools,Manitoba,Workflow Platform License,Software,5,1200.0,6000.0,Paid
PB-100545,2025-09-11,Kingston Print Works,Manitoba,Support Plan (Monthly),Services,11,450.0,4950.0,Paid
PB-100546,2025-03-16,Maple Ridge Distribution,Ontario,API Add-on,Software,11,99.0,1089.0,Pending
PB-100547,2025-10-13,Prairie Wind Farms,Ontario,Data Migration,Services,9,2400.0,21600.0,Paid
PB-100548,2025-01-27,Maple Ridge Distribution,Ontario,Training Seat,Services,7,275.0,1925.0,Paid
PB-100549,2025-07-06,Cedar & Co. Furniture,Texas,Support Plan (Monthly),Services,12,450.0,5400.0,Paid
PB-100550,2025-10-24,Silverline Freight,Ontario,Support Plan (Monthly),Services,6,450.0,2700.0,Refunded
PB-100551,2025-12-03,Lakeshore Medical Supply,British Columbia,Training Seat,Services,7,275.0,1925.0,Paid
PB-100552,2025-04-02,Northwind Logistics,Quebec,Warehouse Scanner,Hardware,4,320.0,1280.0,Paid
PB-100553,2025-04-08,Blue Heron Foods,Ontario,Workflow Platform License,Software,12,1200.0,14400.0,Pending
PB-100554,2025-10-26,Northwind Logistics,New York,Workflow Platform License,Software,12,1200.0,14400.0,Paid
PB-100555,2025-12-27,Granite Peak Tools,Illinois,Warehouse Scanner,Hardware,10,320.0,3200.0,Paid
PB-100556,2025-12-26,Granite Peak Tools,Ontario,Warehouse Scanner,Hardware,8,320.0,2560.0,Pending
PB-100557,2025-09-16,Granite Peak Tools,Alberta,Label Printer,Hardware,10,185.5,1855.0,Refunded
PB-100558,2025-11-14,Granite Peak Tools,British Columbia,Warehouse Scanner,Hardware,10,320.0,3200.0,Paid
PB-100559,2025-03-31,Harbourfront Textiles,British Columbia,Data Migration,Services,7,2400.0,16800.0,Pending
PB-100560,2025-12-28,Granite Peak Tools,Alberta,Training Seat,Services,10,275.0,2750.0,Paid
PB-100561,2025-07-06,Northwind Logistics,Alberta,Warehouse Scanner,Hardware,8,320.0,2560.0,Pending
PB-100562,2025-02-02,Kingston Print Works,Ontario,Workflow Platform License,Software,12,1200.0,14400.0,Paid
PB-100563,2025-10-31,Granite Peak Tools,Manitoba,Training Seat,Services,1,275.0,275.0,Refunded
PB-100564,2025-02-22,Lakeshore Medical Supply,Ontario,API Add-on,Software,2,99.0,198.0,Refunded
PB-100565,2025-05-20,Northwind Logistics,British Columbia,Support Plan (Monthly),Services,9,450.0,4050.0,Paid
PB-100566,2025-05-28,Cedar & Co. Furniture,Ontario,Workflow Platform License,Software,8,1200.0,9600.0,Paid
PB-100567,2025-01-02,Cedar & Co. Furniture,New York,Warehouse Scanner,Hardware,6,320.0,1920.0,Paid
PB-100568,2025-01-09,Granite Peak Tools,New York,Label Printer,Hardware,1,185.5,185.5,Pending
PB-100569,2025-03-30,Maple Ridge Distribution,British Columbia,Support Plan (Monthly),Services,5,450.0,2250.0,Paid
PB-100570,2025-09-20,Cedar & Co. Furniture,New York,Data Migration,Services,11,2400.0,26400.0,Refunded
PB-100571,2025-09-14,Cedar & Co. Furniture,Texas,Data Migration,Services,12,2400.0,28800.0,Pending
PB-100572,2025-05-16,Prairie Wind Farms,Manitoba,Training Seat,Services,9,275.0,2475.0,Refunded
PB-100573,2025-01-12,Blue Heron Foods,New York,Warehouse Scanner,Hardware,5,320.0,1600.0,Pending
PB-100574,2025-01-21,Summit Auto Parts,Manitoba,Workflow Platform License,Software,11,1200.0,13200.0,Paid
PB-100575,2025-10-13,Kingston Print Works,Manitoba,Warehouse Scanner,Hardware,6,320.0,1920.0,Paid
PB-100576,2025-07-23,Silverline Freight,Alberta,Data Migration,Services,2,2400.0,4800.0,Refunded
PB-100577,2025-02-26,Cedar & Co. Furniture,Illinois,Warehouse Scanner,Hardware,2,320.0,640.0,Refunded
PB-100578,2025-10-12,Blue Heron Foods,Ontario,API Add-on,Software,9,99.0,891.0,Paid
PB-100579,2025-09-30,Maple Ridge Distribution,Ontario,Training Seat,Services,2,275.0,550.0,Paid
PB-100580,2025-11-24,Maple Ridge Distribution,Manitoba,API Add-on,Software,12,99.0,1188.0,Refunded
PB-100581,2025-10-07,Summit Auto Parts,Ontario,API Add-on,Software,10,99.0,990.0,Refunded
PB-100582,2025-08-26,Birchwood Interiors,Alberta,Support Plan (Monthly),Services,2,450.0,900.0,Pending
PB-100583,2025-11-30,Silverline Freight,Illinois,Warehouse Scanner,Hardware,8,320.0,2560.0,Refunded
PB-100584,2025-04-23,Birchwood Interiors,Alberta,Workflow Platform License,Software,1,1200.0,1200.0,Refunded
PB-100585,2025-06-09,Granite Peak Tools,British Columbia,Implementation Day,Services,4,1800.0,7200.0,Refunded
PB-100586,2025-04-05,Blue Heron Foods,Alberta,Implementation Day,Services,11,1800.0,19800.0,Paid
PB-100587,2025-06-26,Northwind Logistics,British Columbia,Support Plan (Monthly),Services,1,450.0,450.0,Paid
PB-100588,2025-03-25,Prairie Wind Farms,Illinois,Workflow Platform License,Software,12,1200.0,14400.0,Paid
PB-100589,2025-11-22,Maple Ridge Distribution,Ontario,Support Plan (Monthly),Services,6,450.0,2700.0,Paid
PB-100590,2025-12-03,Blue Heron Foods,Texas,Label Printer,Hardware,7,185.5,1298.5,Paid
PB-100591,2025-12-02,Northwind Logistics,Alberta,API Add-on,Software,8,99.0,792.0,Refunded
PB-100592,2025-04-13,Kingston Print Works,Quebec,Label Printer,Hardware,5,185.5,927.5,Paid
PB-100593,2025-12-22,Cedar & Co. Furniture,Texas,Label Printer,Hardware,3,185.5,556.5,Paid
PB-100594,2025-12-09,Kingston Print Works,Texas,Implementation Day,Services,11,1800.0,19800.0,Paid
PB-100595,2025-01-31,Lakeshore Medical Supply,Manitoba,Data Migration,Services,1,2400.0,2400.0,Refunded
PB-100596,2025-09-29,Blue Heron Foods,Ontario,API Add-on,Software,2,99.0,198.0,Paid
PB-100597,2025-11-08,Granite Peak Tools,Illinois,Workflow Platform License,Software,6,1200.0,7200.0,Pending
PB-100598,2025-11-26,Summit Auto Parts,British Columbia,Support Plan (Monthly),Services,10,450.0,4500.0,Paid
PB-100599,2025-12-03,Kingston Print Works,Alberta,Workflow Platform License,Software,8,1200.0,9600.0,Pending
PB-100600,2025-01-22,Maple Ridge Distribution,Ontario,Warehouse Scanner,Hardware,8,320.0,2560.0,Paid
PB-100601,2025-08-28,Cedar & Co. Furniture,Texas,Warehouse Scanner,Hardware,7,320.0,2240.0,Refunded
PB-100602,2025-03-25,Granite Peak Tools,Ontario,API Add-on,Software,12,99.0,1188.0,Paid
PB-100603,2025-05-22,Harbourfront Textiles,Ontario,Implementation Day,Services,3,1800.0,5400.0,Paid
PB-100604,2025-07-15,Harbourfront Textiles,Quebec,Warehouse Scanner,Hardware,11,320.0,3520.0,Paid
PB-100605,2025-11-05,Northwind Logistics,Quebec,Support Plan (Monthly),Services,6,450.0,2700.0,Paid
PB-100606,2025-04-08,Prairie Wind Farms,Quebec,Label Printer,Hardware,3,185.5,556.5,Pending
PB-100607,2025-11-24,Silverline Freight,British Columbia,Warehouse Scanner,Hardware,2,320.0,640.0,Paid
PB-100608,2025-07-12,Lakeshore Medical Supply,British Columbia,Support Plan (Monthly),Services,9,450.0,4050.0,Pending
PB-100609,2025-01-03,Prairie Wind Farms,New York,Implementation Day,Services,7,1800.0,12600.0,Paid
PB-100610,2025-06-21,Northwind Logistics,Texas,Workflow Platform License,Software,4,1200.0,4800.0,Refunded
PB-100611,2025-10-05,Blue Heron Foods,British Columbia,API Add-on,Software,5,99.0,495.0,Paid
PB-100612,2025-07-10,Birchwood Interiors,Quebec,API Add-on,Software,12,99.0,1188.0,Paid
PB-100613,2025-06-02,Blue Heron Foods,Alberta,Label Printer,Hardware,5,185.5,927.5,Paid
PB-100614,2025-07-21,Granite Peak Tools,New York,Support Plan (Monthly),Services,11,450.0,4950.0,Paid
PB-100615,2025-08-01,Kingston Print Works,Illinois,Implementation Day,Services,12,1800.0,21600.0,Refunded
PB-100616,2025-09-05,Kingston Print Works,New York,Label Printer,Hardware,4,185.5,742.0,Refunded
PB-100617,2025-07-26,Prairie Wind Farms,Quebec,Support Plan (Monthly),Services,5,450.0,2250.0,Paid
PB-100618,2025-11-18,Summit Auto Parts,New York,Workflow Platform License,Software,7,1200.0,8400.0,Paid
PB-100619,2025-07-19,Cedar & Co. Furniture,New York,Training Seat,Services,10,275.0,2750.0,Pending
PB-100620,2025-04-06,Granite Peak Tools,Alberta,Workflow Platform License,Software,5,1200.0,6000.0,Refunded
PB-100621,2025-07-14,Silverline Freight,Illinois,Label Printer,Hardware,4,185.5,742.0,Paid
PB-100622,2025-12-19,Northwind Logistics,Illinois,Implementation Day,Services,1,1800.0,1800.0,Paid
PB-100623,2025-11-23,Northwind Logistics,Quebec,Data Migration,Services,9,2400.0,21600.0,Pending
PB-100624,2025-04-02,Birchwood Interiors,Manitoba,Warehouse Scanner,Hardware,8,320.0,2560.0,Pending
PB-100625,2025-06-12,Silverline Freight,Texas,API Add-on,Software,5,99.0,495.0,Paid
PB-100626,2025-08-26,Silverline Freight,British Columbia,Training Seat,Services,12,275.0,3300.0,Paid
PB-100627,2025-11-03,Harbourfront Textiles,Ontario,Support Plan (Monthly),Services,10,450.0,4500.0,Pending
PB-100628,2025-10-07,Birchwood Interiors,Alberta,API Add-on,Software,3,99.0,297.0,Refunded
PB-100629,2025-01-30,Granite Peak Tools,Quebec,Training Seat,Services,11,275.0,3025.0,Paid
PB-100630,2025-12-13,Blue Heron Foods,New York,Support Plan (Monthly),Services,8,450.0,3600.0,Refunded
PB-100631,2025-02-27,Northwind Logistics,Ontario,Data Migration,Services,6,2400.0,14400.0,Pending
PB-100632,2025-01-16,Summit Auto Parts,British Columbia,Warehouse Scanner,Hardware,2,320.0,640.0,Paid
PB-100633,2025-06-28,Harbourfront Textiles,Quebec,Support Plan (Monthly),Services,9,450.0,4050.0,Refunded
PB-100634,2025-07-10,Kingston Print Works,Illinois,Training Seat,Services,2,275.0,550.0,Pending
PB-100635,2025-12-13,Silverline Freight,Illinois,Warehouse Scanner,Hardware,1,320.0,320.0,Paid
PB-100636,2025-11-21,Lakeshore Medical Supply,Manitoba,Data Migration,Services,5,2400.0,12000.0,Paid
PB-100637,2025-09-01,Blue Heron Foods,Manitoba,Workflow Platform License,Software,8,1200.0,9600.0,Refunded
PB-100638,2025-05-17,Northwind Logistics,British Columbia,Support Plan (Monthly),Services,9,450.0,4050.0,Paid
PB-100639,2025-02-19,Birchwood Interiors,New York,Training Seat,Services,11,275.0,3025.0,Paid
PB-100640,2025-09-16,Lakeshore Medical Supply,New York,Data Migration,Services,10,2400.0,24000.0,Pending
PB-100641,2025-12-16,Prairie Wind Farms,Illinois,Data Migration,Services,7,2400.0,16800.0,Paid
PB-100642,2025-12-26,Lakeshore Medical Supply,Quebec,Implementation Day,Services,1,1800.0,1800.0,Paid
PB-100643,2025-10-19,Lakeshore Medical Supply,Quebec,Data Migration,Services,3,2400.0,7200.0,Refunded
PB-100644,2025-08-16,Kingston Print Works,New York,Warehouse Scanner,Hardware,3,320.0,960.0,Paid
PB-100645,2025-04-20,Birchwood Interiors,Ontario,Training Seat,Services,7,275.0,1925.0,Paid
PB-100646,2025-03-14,Harbourfront Textiles,British Columbia,Support Plan (Monthly),Services,8,450.0,3600.0,Paid
PB-100647,2025-02-02,Summit Auto Parts,British Columbia,Implementation Day,Services,12,1800.0,21600.0,Paid
PB-100648,2025-04-04,Summit Auto Parts,Ontario,Training Seat,Services,8,275.0,2200.0,Paid
PB-100649,2025-12-28,Harbourfront Textiles,Texas,Workflow Platform License,Software,6,1200.0,7200.0,Paid
PB-100650,2025-01-20,Kingston Print Works,Illinois,Implementation Day,Services,9,1800.0,16200.0,Pending
PB-100651,2025-01-24,Summit Auto Parts,British Columbia,API Add-on,Software,4,99.0,396.0,Pending
PB-100652,2025-06-07,Lakeshore Medical Supply,Alberta,Data Migration,Services,5,2400.0,12000.0,Paid
PB-100653,2025-08-23,Summit Auto Parts,British Columbia,API Add-on,Software,3,99.0,297.0,Paid
PB-100654,2025-08-02,Northwind Logistics,Alberta,Workflow Platform License,Software,12,1200.0,14400.0,Paid
PB-100655,2025-03-29,Silverline Freight,Illinois,Label Printer,Hardware,4,185.5,742.0,Paid
PB-100656,2025-06-22,Kingston Print Works,Texas,Label Printer,Hardware,4,185.5,742.0,Paid
PB-100657,2025-03-02,Silverline Freight,Quebec,Data Migration,Services,2,2400.0,4800.0,Paid
PB-100658,2025-08-04,Prairie Wind Farms,Manitoba,Support Plan (Monthly),Services,4,450.0,1800.0,Paid
PB-100659,2025-02-09,Harbourfront Textiles,Alberta,Warehouse Scanner,Hardware,6,320.0,1920.0,Refunded
PB-100660,2025-02-16,Birchwood Interiors,Texas,Warehouse Scanner,Hardware,3,320.0,960.0,Pending
PB-100661,2025-07-11,Lakeshore Medical Supply,Illinois,Warehouse Scanner,Hardware,11,320.0,3520.0,Paid
PB-100662,2025-08-27,Granite Peak Tools,New York,Label Printer,Hardware,6,185.5,1113.0,Paid
PB-100663,2025-12-15,Kingston Print Works,Ontario,Label Printer,Hardware,7,185.5,1298.5,Paid
PB-100664,2025-10-19,Maple Ridge Distribution,British Columbia,API Add-on,Software,6,99.0,594.0,Paid
PB-100665,2025-03-01,Birchwood Interiors,British Columbia,API Add-on,Software,11,99.0,1089.0,Refunded
PB-100666,2025-05-11,Prairie Wind Farms,Alberta,Implementation Day,Services,9,1800.0,16200.0,Paid
PB-100667,2025-12-25,Prairie Wind Farms,Alberta,Implementation Day,Services,6,1800.0,10800.0,Paid
PB-100668,2025-06-06,Birchwood Interiors,Manitoba,API Add-on,Software,5,99.0,495.0,Paid
PB-100669,2025-10-19,Granite Peak Tools,Manitoba,Warehouse Scanner,Hardware,11,320.0,3520.0,Paid
PB-100670,2025-08-03,Maple Ridge Distribution,Quebec,Workflow Platform License,Software,2,1200.0,2400.0,Refunded
PB-100671,2025-08-21,Prairie Wind Farms,Manitoba,Workflow Platform License,Software,4,1200.0,4800.0,Paid
PB-100672,2025-09-22,Lakeshore Medical Supply,Manitoba,Training Seat,Services,1,275.0,275.0,Paid
PB-100673,2025-07-04,Summit Auto Parts,Quebec,Label Printer,Hardware,3,185.5,556.5,Paid
PB-100674,2025-02-16,Harbourfront Textiles,Quebec,Training Seat,Services,11,275.0,3025.0,Refunded
PB-100675,2025-07-30,Summit Auto Parts,British Columbia,Implementation Day,Services,3,1800.0,5400.0,Paid
PB-100676,2025-06-01,Blue Heron Foods,Quebec,Training Seat,Services,10,275.0,2750.0,Pending
PB-100677,2025-03-09,Granite Peak Tools,Quebec,Workflow Platform License,Software,8,1200.0,9600.0,Paid
PB-100678,2025-12-19,Summit Auto Parts,Manitoba,API Add-on,Software,9,99.0,891.0,Paid
PB-100679,2025-01-25,Harbourfront Textiles,New York,Support Plan (Monthly),Services,12,450.0,5400.0,Paid
PB-100680,2025-08-27,Harbourfront Textiles,New York,Data Migration,Services,3,2400.0,7200.0,Refunded
PB-100681,2025-06-21,Lakeshore Medical Supply,Ontario,Training Seat,Services,2,275.0,550.0,Pending
PB-100682,2025-04-19,Maple Ridge Distribution,Illinois,API Add-on,Software,2,99.0,198.0,Paid
PB-100683,2025-06-18,Silverline Freight,Alberta,Support Plan (Monthly),Services,7,450.0,3150.0,Pending
PB-100684,2025-05-12,Northwind Logistics,Manitoba,Data Migration,Services,1,2400.0,2400.0,Paid
PB-100685,2025-04-12,Summit Auto Parts,Manitoba,Support Plan (Monthly),Services,10,450.0,4500.0,Paid
PB-100686,2025-07-14,Kingston Print Works,British Columbia,Warehouse Scanner,Hardware,11,320.0,3520.0,Pending
PB-100687,2025-12-26,Prairie Wind Farms,Alberta,Data Migration,Services,3,2400.0,7200.0,Paid
PB-100688,2025-08-07,Cedar & Co. Furniture,Quebec,Training Seat,Services,3,275.0,825.0,Paid
PB-100689,2025-06-30,Maple Ridge Distribution,Alberta,Data Migration,Services,3,2400.0,7200.0,Paid
PB-100690,2025-08-22,Northwind Logistics,Manitoba,Training Seat,Services,7,275.0,1925.0,Paid
PB-100691,2025-12-17,Birchwood Interiors,Illinois,Data Migration,Services,9,2400.0,21600.0,Refunded
PB-100692,2025-01-24,Silverline Freight,Texas,Support Plan (Monthly),Services,3,450.0,1350.0,Refunded
PB-100693,2025-10-09,Maple Ridge Distribution,Texas,Training Seat,Services,1,275.0,275.0,Paid
PB-100694,2025-02-11,Granite Peak Tools,Alberta,Training Seat,Services,1,275.0,275.0,Paid
PB-100695,2025-03-12,Northwind Logistics,Texas,Implementation Day,Services,5,1800.0,9000.0,Paid
PB-100696,2025-02-23,Granite Peak Tools,Ontario,Support Plan (Monthly),Services,3,450.0,1350.0,Pending
PB-100697,2025-02-12,Cedar & Co. Furniture,Alberta,Warehouse Scanner,Hardware,3,320.0,960.0,Pending
PB-100698,2025-02-16,Birchwood Interiors,New York,Training Seat,Services,8,275.0,2200.0,Paid
PB-100699,2025-07-01,Maple Ridge Distribution,Manitoba,Data Migration,Services,8,2400.0,19200.0,Paid
PB-100700,2025-06-02,Summit Auto Parts,Illinois,Label Printer,Hardware,2,185.5,371.0,Refunded
PB-100701,2025-06-18,Cedar & Co. Furniture,Alberta,Implementation Day,Services,3,1800.0,5400.0,Paid
PB-100702,2025-08-15,Maple Ridge Distribution,Illinois,Data Migration,Services,5,2400.0,12000.0,Paid
PB-100703,2025-09-19,Northwind Logistics,Ontario,Implementation Day,Services,7,1800.0,12600.0,Paid
PB-100704,2025-08-03,Lakeshore Medical Supply,Quebec,Label Printer,Hardware,5,185.5,927.5,Refunded
PB-100705,2025-07-30,Cedar & Co. Furniture,Texas,API Add-on,Software,2,99.0,198.0,Refunded
PB-100706,2025-04-27,Prairie Wind Farms,Quebec,Training Seat,Services,8,275.0,2200.0,Paid
PB-100707,2025-05-19,Silverline Freight,New York,Label Printer,Hardware,7,185.5,1298.5,Pending
PB-100708,2025-01-09,Prairie Wind Farms,Ontario,Label Printer,Hardware,6,185.5,1113.0,Paid
PB-100709,2025-02-17,Blue Heron Foods,Ontario,Data Migration,Services,7,2400.0,16800.0,Paid
PB-100710,2025-03-22,Maple Ridge Distribution,Alberta,Label Printer,Hardware,5,185.5,927.5,Paid
PB-100711,2025-01-11,Birchwood Interiors,Ontario,Data Migration,Services,10,2400.0,24000.0,Paid
PB-100712,2025-10-02,Silverline Freight,British Columbia,Workflow Platform License,Software,8,1200.0,9600.0,Paid
PB-100713,2025-07-25,Silverline Freight,Manitoba,API Add-on,Software,2,99.0,198.0,Paid
PB-100714,2025-05-19,Silverline Freight,Texas,Training Seat,Services,7,275.0,1925.0,Paid
PB-100715,2025-10-01,Summit Auto Parts,Ontario,Label Printer,Hardware,8,185.5,1484.0,Refunded
PB-100716,2025-09-01,Harbourfront Textiles,Texas,Workflow Platform License,Software,10,1200.0,12000.0,Paid
PB-100717,2025-05-19,Harbourfront Textiles,Manitoba,Support Plan (Monthly),Services,10,450.0,4500.0,Paid
PB-100718,2025-01-04,Granite Peak Tools,Alberta,Label Printer,Hardware,7,185.5,1298.5,Pending
PB-100719,2025-07-29,Birchwood Interiors,Manitoba,Label Printer,Hardware,2,185.5,371.0,Paid
PB-100720,2025-08-15,Prairie Wind Farms,Alberta,Implementation Day,Services,1,1800.0,1800.0,Paid
PB-100721,2025-10-24,Lakeshore Medical Supply,Manitoba,Support Plan (Monthly),Services,2,450.0,900.0,Paid
PB-100722,2025-05-20,Silverline Freight,Quebec,Data Migration,Services,3,2400.0,7200.0,Paid
PB-100723,2025-07-30,Silverline Freight,Manitoba,Training Seat,Services,7,275.0,1925.0,Refunded
PB-100724,2025-11-02,Blue Heron Foods,Ontario,API Add-on,Software,3,99.0,297.0,Refunded
PB-100725,2025-05-06,Cedar & Co. Furniture,Manitoba,Warehouse Scanner,Hardware,12,320.0,3840.0,Pending
PB-100726,2025-05-31,Blue Heron Foods,Ontario,Training Seat,Services,11,275.0,3025.0,Paid
PB-100727,2025-01-22,Kingston Print Works,Alberta,Implementation Day,Services,4,1800.0,7200.0,Paid
PB-100728,2025-02-11,Blue Heron Foods,Quebec,Warehouse Scanner,Hardware,2,320.0,640.0,Pending
PB-100729,2025-10-25,Prairie Wind Farms,British Columbia,Label Printer,Hardware,12,185.5,2226.0,Paid
PB-100730,2025-11-05,Kingston Print Works,Illinois,Label Printer,Hardware,9,185.5,1669.5,Paid
PB-100731,2025-04-19,Harbourfront Textiles,Alberta,Support Plan (Monthly),Services,5,450.0,2250.0,Paid
PB-100732,2025-07-29,Kingston Print Works,Illinois,Workflow Platform License,Software,12,1200.0,14400.0,Refunded
PB-100733,2025-01-31,Northwind Logistics,Texas,Implementation Day,Services,12,1800.0,21600.0,Paid
PB-100734,2025-10-27,Kingston Print Works,Manitoba,Data Migration,Services,1,2400.0,2400.0,Paid
PB-100735,2025-08-11,Granite Peak Tools,Ontario,Training Seat,Services,12,275.0,3300.0,Paid
PB-100736,2025-07-27,Prairie Wind Farms,Alberta,API Add-on,Software,12,99.0,1188.0,Paid
PB-100737,2025-12-15,Silverline Freight,Quebec,Data Migration,Services,8,2400.0,19200.0,Paid
PB-100738,2025-05-06,Cedar & Co. Furniture,British Columbia,Workflow Platform License,Software,7,1200.0,8400.0,Paid
PB-100739,2025-10-30,Harbourfront Textiles,Ontario,API Add-on,Software,12,99.0,1188.0,Refunded
PB-100740,2025-06-07,Summit Auto Parts,British Columbia,Support Plan (Monthly),Services,12,450.0,5400.0,Paid
PB-100741,2025-11-24,Maple Ridge Distribution,Illinois,Implementation Day,Services,6,1800.0,10800.0,Paid
PB-100742,2025-08-28,Summit Auto Parts,Manitoba,Workflow Platform License,Software,11,1200.0,13200.0,Paid
PB-100743,2025-01-08,Summit Auto Parts,British Columbia,Data Migration,Services,8,2400.0,19200.0,Refunded
PB-100744,2025-02-01,Northwind Logistics,Illinois,Training Seat,Services,6,275.0,1650.0,Refunded
PB-100745,2025-10-31,Cedar & Co. Furniture,Ontario,Data Migration,Services,8,2400.0,19200.0,Refunded
PB-100746,2025-11-21,Lakeshore Medical Supply,Ontario,Warehouse Scanner,Hardware,8,320.0,2560.0,Refunded
PB-100747,2025-02-01,Summit Auto Parts,Texas,Training Seat,Services,6,275.0,1650.0,Paid
PB-100748,2025-12-20,Maple Ridge Distribution,New York,Label Printer,Hardware,2,185.5,371.0,Pending
PB-100749,2025-11-03,Silverline Freight,Texas,Implementation Day,Services,2,1800.0,3600.0,Paid
PB-100750,2025-11-15,Kingston Print Works,Alberta,Workflow Platform License,Software,6,1200.0,7200.0,Refunded
PB-100751,2025-06-16,Northwind Logistics,New York,Label Printer,Hardware,4,185.5,742.0,Pending
PB-100752,2025-09-08,Silverline Freight,New York,Label Printer,Hardware,6,185.5,1113.0,Refunded
PB-100753,2025-07-28,Granite Peak Tools,New York,Training Seat,Services,2,275.0,550.0,Refunded
PB-100754,2025-07-13,Northwind Logistics,Illinois,Support Plan (Monthly),Services,5,450.0,2250.0,Paid
PB-100755,2025-02-19,Silverline Freight,British Columbia,Warehouse Scanner,Hardware,12,320.0,3840.0,Refunded
PB-100756,2025-08-13,Summit Auto Parts,Manitoba,Implementation Day,Services,10,1800.0,18000.0,Paid
PB-100757,2025-09-19,Blue Heron Foods,Ontario,API Add-on,Software,6,99.0,594.0,Pending
PB-100758,2025-12-09,Northwind Logistics,New York,API Add-on,Software,2,99.0,198.0,Paid
PB-100759,2025-06-04,Prairie Wind Farms,Texas,Warehouse Scanner,Hardware,3,320.0,960.0,Paid
PB-100760,2025-05-10,Granite Peak Tools,Quebec,Warehouse Scanner,Hardware,12,320.0,3840.0,Refunded
PB-100761,2025-02-20,Silverline Freight,British Columbia,Implementation Day,Services,8,1800.0,14400.0,Paid
PB-100762,2025-02-01,Birchwood Interiors,Manitoba,Workflow Platform License,Software,3,1200.0,3600.0,Pending
PB-100763,2025-08-18,Birchwood Interiors,New York,Data Migration,Services,1,2400.0,2400.0,Paid
PB-100764,2025-12-14,Maple Ridge Distribution,Illinois,Workflow Platform License,Software,8,1200.0,9600.0,Paid
PB-100765,2025-10-24,Harbourfront Textiles,Texas,API Add-on,Software,6,99.0,594.0,Refunded
PB-100766,2025-12-19,Blue Heron Foods,Illinois,Label Printer,Hardware,5,185.5,927.5,Paid
PB-100767,2025-04-15,Cedar & Co. Furniture,Ontario,API Add-on,Software,6,99.0,594.0,Paid
PB-100768,2025-09-07,Northwind Logistics,Manitoba,Implementation Day,Services,10,1800.0,18000.0,Paid
PB-100769,2025-11-10,Granite Peak Tools,Texas,Workflow Platform License,Software,12,1200.0,14400.0,Paid
PB-100770,2025-02-13,Cedar & Co. Furniture,Ontario,Label Printer,Hardware,4,185.5,742.0,Paid
PB-100771,2025-09-10,Summit Auto Parts,Texas,Workflow Platform License,Software,3,1200.0,3600.0,Pending
PB-100772,2025-06-10,Blue Heron Foods,Alberta,Training Seat,Services,9,275.0,2475.0,Refunded
PB-100773,2025-08-26,Northwind Logistics,Illinois,API Add-on,Software,2,99.0,198.0,Refunded
PB-100774,2025-12-26,Harbourfront Textiles,Alberta,Workflow Platform License,Software,4,1200.0,4800.0,Paid
PB-100775,2025-06-01,Harbourfront Textiles,Manitoba,Warehouse Scanner,Hardware,4,320.0,1280.0,Paid
PB-100776,2025-09-10,Northwind Logistics,Illinois,Warehouse Scanner,Hardware,9,320.0,2880.0,Paid
PB-100777,2025-06-01,Kingston Print Works,Ontario,Implementation Day,Services,3,1800.0,5400.0,Paid
PB-100778,2025-07-02,Northwind Logistics,Alberta,Training Seat,Services,2,275.0,550.0,Pending
PB-100779,2025-12-03,Cedar & Co. Furniture,Quebec,Warehouse Scanner,Hardware,10,320.0,3200.0,Paid
PB-100780,2025-03-06,Prairie Wind Farms,Quebec,Label Printer,Hardware,1,185.5,185.5,Paid
PB-100781,2025-05-05,Summit Auto Parts,Texas,Data Migration,Services,2,2400.0,4800.0,Paid
PB-100782,2025-10-11,Lakeshore Medical Supply,Alberta,Workflow Platform License,Software,9,1200.0,10800.0,Pending
PB-100783,2025-09-06,Cedar & Co. Furniture,Alberta,Support Plan (Monthly),Services,12,450.0,5400.0,Paid
PB-100784,2025-04-25,Silverline Freight,Quebec,Data Migration,Services,5,2400.0,12000.0,Refunded
PB-100785,2025-01-26,Silverline Freight,Quebec,Training Seat,Services,7,275.0,1925.0,Paid
PB-100786,2025-07-19,Cedar & Co. Furniture,British Columbia,Data Migration,Services,12,2400.0,28800.0,Paid
PB-100787,2025-04-17,Northwind Logistics,Alberta,Data Migration,Services,9,2400.0,21600.0,Paid
PB-100788,2025-06-27,Summit Auto Parts,Manitoba,Data Migration,Services,2,2400.0,4800.0,Pending
PB-100789,2025-01-08,Harbourfront Textiles,New York,Implementation Day,Services,11,1800.0,19800.0,Paid
PB-100790,2025-05-11,Kingston Print Works,British Columbia,Workflow Platform License,Software,10,1200.0,12000.0,Refunded
PB-100791,2025-03-15,Lakeshore Medical Supply,Manitoba,Label Printer,Hardware,8,185.5,1484.0,Refunded
PB-100792,2025-03-23,Kingston Print Works,Manitoba,Workflow Platform License,Software,11,1200.0,13200.0,Paid
PB-100793,2025-04-21,Granite Peak Tools,Illinois,Data Migration,Services,12,2400.0,28800.0,Paid
PB-100794,2025-08-23,Prairie Wind Farms,Manitoba,Workflow Platform License,Software,8,1200.0,9600.0,Paid
PB-100795,2025-08-09,Blue Heron Foods,Alberta,Label Printer,Hardware,5,185.5,927.5,Paid
PB-100796,2025-10-10,Maple Ridge Distribution,British Columbia,Label Printer,Hardware,10,185.5,1855.0,Refunded
PB-100797,2025-08-25,Maple Ridge Distribution,Texas,Implementation Day,Services,6,1800.0,10800.0,Pending
PB-100798,2025-02-13,Lakeshore Medical Supply,Manitoba,Warehouse Scanner,Hardware,12,320.0,3840.0,Refunded
PB-100799,2025-03-04,Summit Auto Parts,Texas,Data Migration,Services,1,2400.0,2400.0,Paid
PB-100800,2025-02-02,Harbourfront Textiles,Quebec,Data Migration,Services,12,2400.0,28800.0,Refunded
PB-100801,2025-08-06,Maple Ridge Distribution,British Columbia,Implementation Day,Services,11,1800.0,19800.0,Paid
PB-100802,2025-02-07,Prairie Wind Farms,British Columbia,Implementation Day,Services,10,1800.0,18000.0,Paid
PB-100803,2025-04-13,Granite Peak Tools,Texas,Workflow Platform License,Software,1,1200.0,1200.0,Paid
PB-100804,2025-02-04,Blue Heron Foods,British Columbia,Support Plan (Monthly),Services,10,450.0,4500.0,Paid
PB-100805,2025-06-26,Lakeshore Medical Supply,Alberta,Warehouse Scanner,Hardware,9,320.0,2880.0,Pending
PB-100806,2025-01-09,Lakeshore Medical Supply,Ontario,Warehouse Scanner,Hardware,4,320.0,1280.0,Paid
PB-100807,2025-11-28,Northwind Logistics,Illinois,API Add-on,Software,3,99.0,297.0,Refunded
PB-100808,2025-04-06,Summit Auto Parts,Alberta,Training Seat,Services,4,275.0,1100.0,Refunded
PB-100809,2025-11-07,Silverline Freight,New York,Label Printer,Hardware,12,185.5,2226.0,Paid
PB-100810,2025-12-14,Cedar & Co. Furniture,Illinois,Warehouse Scanner,Hardware,5,320.0,1600.0,Paid
PB-100811,2025-11-28,Northwind Logistics,New York,Workflow Platform License,Software,5,1200.0,6000.0,Paid
PB-100812,2025-11-09,Cedar & Co. Furniture,Alberta,Workflow Platform License,Software,10,1200.0,12000.0,Paid
PB-100813,2025-12-11,Harbourfront Textiles,Manitoba,Implementation Day,Services,4,1800.0,7200.0,Paid
PB-100814,2025-01-01,Kingston Print Works,British Columbia,Warehouse Scanner,Hardware,6,320.0,1920.0,Refunded
PB-100815,2025-04-29,Summit Auto Parts,Illinois,Warehouse Scanner,Hardware,10,320.0,3200.0,Paid
PB-100816,2025-10-19,Blue Heron Foods,Alberta,API Add-on,Software,10,99.0,990.0,Pending
PB-100817,2025-04-26,Kingston Print Works,Ontario,Support Plan (Monthly),Services,12,450.0,5400.0,Paid
PB-100818,2025-08-11,Harbourfront Textiles,New York,Training Seat,Services,2,275.0,550.0,Refunded
PB-100819,2025-03-29,Silverline Freight,Alberta,Workflow Platform License,Software,11,1200.0,13200.0,Paid
PB-100820,2025-08-14,Blue Heron Foods,Quebec,Implementation Day,Services,10,1800.0,18000.0,Paid
PB-100821,2025-07-22,Silverline Freight,Manitoba,Workflow Platform License,Software,10,1200.0,12000.0,Pending
PB-100822,2025-02-13,Birchwood Interiors,Alberta,Support Plan (Monthly),Services,10,450.0,4500.0,Paid
PB-100823,2025-04-10,Kingston Print Works,Quebec,Warehouse Scanner,Hardware,1,320.0,320.0,Paid
PB-100824,2025-11-26,Kingston Print Works,Manitoba,Support Plan (Monthly),Services,10,450.0,4500.0,Pending
PB-100825,2025-09-17,Prairie Wind Farms,Alberta,Support Plan (Monthly),Services,5,450.0,2250.0,Paid
PB-100826,2025-06-03,Summit Auto Parts,New York,Implementation Day,Services,10,1800.0,18000.0,Refunded
PB-100827,2025-06-07,Granite Peak Tools,Texas,Warehouse Scanner,Hardware,5,320.0,1600.0,Pending
PB-100828,2025-03-16,Silverline Freight,Manitoba,Support Plan (Monthly),Services,6,450.0,2700.0,Refunded
PB-100829,2025-03-22,Lakeshore Medical Supply,Manitoba,Training Seat,Services,10,275.0,2750.0,Paid
PB-100830,2025-06-12,Summit Auto Parts,Alberta,Implementation Day,Services,1,1800.0,1800.0,Pending
PB-100831,2025-11-21,Kingston Print Works,Illinois,Data Migration,Services,10,2400.0,24000.0,Refunded
PB-100832,2025-12-12,Silverline Freight,Ontario,Label Printer,Hardware,2,185.5,371.0,Pending
PB-100833,2025-09-04,Birchwood Interiors,British Columbia,Data Migration,Services,12,2400.0,28800.0,Pending
PB-100834,2025-03-26,Northwind Logistics,British Columbia,Training Seat,Services,5,275.0,1375.0,Paid
PB-100835,2025-10-18,Silverline Freight,Alberta,Support Plan (Monthly),Services,3,450.0,1350.0,Paid
PB-100836,2025-08-20,Northwind Logistics,Alberta,Implementation Day,Services,11,1800.0,19800.0,Pending
PB-100837,2025-08-24,Harbourfront Textiles,Illinois,Implementation Day,Services,11,1800.0,19800.0,Paid
PB-100838,2025-02-28,Summit Auto Parts,Manitoba,Data Migration,Services,5,2400.0,12000.0,Refunded
PB-100839,2025-11-03,Lakeshore Medical Supply,Illinois,Workflow Platform License,Software,10,1200.0,12000.0,Paid
PB-100840,2025-10-08,Silverline Freight,Ontario,Label Printer,Hardware,6,185.5,1113.0,Paid
PB-100841,2025-05-28,Prairie Wind Farms,British Columbia,Data Migration,Services,6,2400.0,14400.0,Pending
PB-100842,2025-08-13,Cedar & Co. Furniture,Texas,Warehouse Scanner,Hardware,4,320.0,1280.0,Paid
PB-100843,2025-11-14,Kingston Print Works,Manitoba,Label Printer,Hardware,8,185.5,1484.0,Paid
PB-100844,2025-12-15,Silverline Freight,Illinois,Warehouse Scanner,Hardware,10,320.0,3200.0,Paid
PB-100845,2025-12-31,Lakeshore Medical Supply,Manitoba,Label Printer,Hardware,7,185.5,1298.5,Paid
PB-100846,2025-08-13,Lakeshore Medical Supply,Texas,Label Printer,Hardware,7,185.5,1298.5,Pending
PB-100847,2025-10-08,Lakeshore Medical Supply,Alberta,Support Plan (Monthly),Services,9,450.0,4050.0,Paid
PB-100848,2025-07-02,Maple Ridge Distribution,Ontario,Warehouse Scanner,Hardware,2,320.0,640.0,Refunded
PB-100849,2025-01-16,Harbourfront Textiles,Manitoba,Workflow Platform License,Software,5,1200.0,6000.0,Paid
PB-100850,2025-03-26,Granite Peak Tools,Ontario,Data Migration,Services,1,2400.0,2400.0,Paid
PB-100851,2025-08-31,Prairie Wind Farms,Alberta,API Add-on,Software,6,99.0,594.0,Refunded
PB-100852,2025-12-11,Summit Auto Parts,Alberta,Implementation Day,Services,1,1800.0,1800.0,Pending
PB-100853,2025-09-03,Birchwood Interiors,Quebec,Training Seat,Services,6,275.0,1650.0,Pending
PB-100854,2025-04-25,Cedar & Co. Furniture,British Columbia,API Add-on,Software,8,99.0,792.0,Pending
PB-100855,2025-04-29,Summit Auto Parts,Ontario,Data Migration,Services,5,2400.0,12000.0,Paid
PB-100856,2025-04-06,Granite Peak Tools,Texas,Warehouse Scanner,Hardware,1,320.0,320.0,Paid
PB-100857,2025-12-19,Summit Auto Parts,New York,Warehouse Scanner,Hardware,1,320.0,320.0,Paid
PB-100858,2025-09-04,Prairie Wind Farms,Alberta,Training Seat,Services,4,275.0,1100.0,Refunded
PB-100859,2025-02-13,Birchwood Interiors,Quebec,Support Plan (Monthly),Services,5,450.0,2250.0,Paid
PB-100860,2025-01-23,Silverline Freight,Ontario,Implementation Day,Services,2,1800.0,3600.0,Paid
PB-100861,2025-08-17,Granite Peak Tools,British Columbia,Label Printer,Hardware,10,185.5,1855.0,Pending
PB-100862,2025-10-03,Cedar & Co. Furniture,Texas,Warehouse Scanner,Hardware,8,320.0,2560.0,Refunded
PB-100863,2025-02-23,Harbourfront Textiles,Quebec,Warehouse Scanner,Hardware,1,320.0,320.0,Refunded
PB-100864,2025-11-16,Silverline Freight,New York,Warehouse Scanner,Hardware,3,320.0,960.0,Paid
PB-100865,2025-08-10,Birchwood Interiors,Manitoba,Workflow Platform License,Software,6,1200.0,7200.0,Paid
PB-100866,2025-07-24,Blue Heron Foods,Quebec,Workflow Platform License,Software,8,1200.0,9600.0,Pending
PB-100867,2025-07-28,Granite Peak Tools,Quebec,Training Seat,Services,12,275.0,3300.0,Refunded
PB-100868,2025-04-23,Granite Peak Tools,Ontario,Training Seat,Services,7,275.0,1925.0,Pending
PB-100869,2025-03-17,Prairie Wind Farms,New York,Label Printer,Hardware,9,185.5,1669.5,Pending
PB-100870,2025-06-13,Summit Auto Parts,Texas,Workflow Platform License,Software,4,1200.0,4800.0,Refunded
PB-100871,2025-07-08,Silverline Freight,Quebec,API Add-on,Software,9,99.0,891.0,Pending
PB-100872,2025-05-10,Blue Heron Foods,Texas,Data Migration,Services,10,2400.0,24000.0,Refunded
PB-100873,2025-07-01,Harbourfront Textiles,Quebec,Data Migration,Services,2,2400.0,4800.0,Pending
PB-100874,2025-01-13,Harbourfront Textiles,New York,Warehouse Scanner,Hardware,3,320.0,960.0,Paid
PB-100875,2025-09-11,Kingston Print Works,British Columbia,Workflow Platform License,Software,12,1200.0,14400.0,Paid
PB-100876,2025-08-19,Cedar & Co. Furniture,Ontario,Data Migration,Services,2,2400.0,4800.0,Refunded
PB-100877,2025-09-18,Northwind Logistics,British Columbia,Warehouse Scanner,Hardware,8,320.0,2560.0,Refunded
PB-100878,2025-02-04,Cedar & Co. Furniture,New York,Support Plan (Monthly),Services,4,450.0,1800.0,Refunded
PB-100879,2025-08-02,Kingston Print Works,Manitoba,Data Migration,Services,8,2400.0,19200.0,Pending
PB-100880,2025-07-07,Cedar & Co. Furniture,Quebec,Data Migration,Services,9,2400.0,21600.0,Refunded
PB-100881,2025-02-22,Maple Ridge Distribution,New York,Warehouse Scanner,Hardware,10,320.0,3200.0,Paid
PB-100882,2025-08-12,Summit Auto Parts,Illinois,Support Plan (Monthly),Services,9,450.0,4050.0,Pending
PB-100883,2025-06-05,Birchwood Interiors,Ontario,Warehouse Scanner,Hardware,3,320.0,960.0,Paid
PB-100884,2025-06-10,Silverline Freight,Manitoba,Training Seat,Services,8,275.0,2200.0,Paid
PB-100885,2025-11-20,Northwind Logistics,Texas,API Add-on,Software,10,99.0,990.0,Pending
PB-100886,2025-11-30,Blue Heron Foods,Illinois,Data Migration,Services,9,2400.0,21600.0,Paid
PB-100887,2025-04-30,Silverline Freight,Texas,Label Printer,Hardware,7,185.5,1298.5,Paid
PB-100888,2025-05-23,Kingston Print Works,Manitoba,Label Printer,Hardware,1,185.5,185.5,Refunded
PB-100889,2025-02-09,Kingston Print Works,New York,Support Plan (Monthly),Services,2,450.0,900.0,Paid
PB-100890,2025-06-02,Granite Peak Tools,British Columbia,Support Plan (Monthly),Services,2,450.0,900.0,Refunded
PB-100891,2025-04-26,Prairie Wind Farms,Illinois,Implementation Day,Services,7,1800.0,12600.0,Paid
PB-100892,2025-05-12,Northwind Logistics,Texas,Support Plan (Monthly),Services,8,450.0,3600.0,Pending
PB-100893,2025-02-05,Summit Auto Parts,British Columbia,API Add-on,Software,12,99.0,1188.0,Refunded
PB-100894,2025-10-10,Maple Ridge Distribution,Illinois,Label Printer,Hardware,12,185.5,2226.0,Pending
PB-100895,2025-08-28,Cedar & Co. Furniture,Alberta,Workflow Platform License,Software,6,1200.0,7200.0,Refunded
PB-100896,2025-10-10,Blue Heron Foods,New York,Support Plan (Monthly),Services,10,450.0,4500.0,Refunded
PB-100897,2025-08-27,Northwind Logistics,Illinois,Data Migration,Services,4,2400.0,9600.0,Refunded
PB-100898,2025-05-10,Cedar & Co. Furniture,Quebec,API Add-on,Software,3,99.0,297.0,Pending
PB-100899,2025-09-26,Prairie Wind Farms,Texas,Workflow Platform License,Software,11,1200.0,13200.0,Paid
PB-100900,2025-06-17,Blue Heron Foods,Illinois,Training Seat,Services,11,275.0,3025.0,Paid
PB-100901,2025-12-16,Lakeshore Medical Supply,British Columbia,Warehouse Scanner,Hardware,7,320.0,2240.0,Paid
PB-100902,2025-06-04,Lakeshore Medical Supply,Illinois,Implementation Day,Services,3,1800.0,5400.0,Pending
PB-100903,2025-06-05,Granite Peak Tools,Alberta,Warehouse Scanner,Hardware,6,320.0,1920.0,Paid
PB-100904,2025-12-05,Maple Ridge Distribution,New York,Support Plan (Monthly),Services,7,450.0,3150.0,Paid
PB-100905,2025-04-01,Lakeshore Medical Supply,Alberta,Label Printer,Hardware,12,185.5,2226.0,Paid
PB-100906,2025-07-16,Prairie Wind Farms,Texas,Data Migration,Services,5,2400.0,12000.0,Paid
PB-100907,2025-01-15,Granite Peak Tools,Illinois,Data Migration,Services,2,2400.0,4800.0,Pending
PB-100908,2025-09-08,Maple Ridge Distribution,Texas,Training Seat,Services,1,275.0,275.0,Paid
PB-100909,2025-01-27,Kingston Print Works,Quebec,Data Migration,Services,12,2400.0,28800.0,Paid
PB-100910,2025-12-18,Summit Auto Parts,British Columbia,Training Seat,Services,4,275.0,1100.0,Pending
PB-100911,2025-05-20,Silverline Freight,New York,Data Migration,Services,4,2400.0,9600.0,Paid
PB-100912,2025-05-05,Northwind Logistics,Quebec,Training Seat,Services,6,275.0,1650.0,Paid
PB-100913,2025-12-12,Maple Ridge Distribution,Ontario,Data Migration,Services,12,2400.0,28800.0,Paid
PB-100914,2025-04-30,Harbourfront Textiles,Texas,API Add-on,Software,5,99.0,495.0,Paid
PB-100915,2025-01-14,Kingston Print Works,British Columbia,Implementation Day,Services,6,1800.0,10800.0,Paid
PB-100916,2025-09-30,Harbourfront Textiles,Manitoba,Data Migration,Services,2,2400.0,4800.0,Paid
PB-100917,2025-09-21,Silverline Freight,New York,Label Printer,Hardware,7,185.5,1298.5,Paid
PB-100918,2025-12-19,Northwind Logistics,Texas,Label Printer,Hardware,1,185.5,185.5,Paid
PB-100919,2025-08-10,Silverline Freight,British Columbia,Implementation Day,Services,11,1800.0,19800.0,Paid
PB-100920,2025-08-12,Silverline Freight,British Columbia,Data Migration,Services,5,2400.0,12000.0,Paid
PB-100921,2025-02-23,Harbourfront Textiles,Manitoba,Support Plan (Monthly),Services,8,450.0,3600.0,Pending
PB-100922,2025-05-31,Summit Auto Parts,Quebec,Workflow Platform License,Software,1,1200.0,1200.0,Pending
PB-100923,2025-05-27,Cedar & Co. Furniture,Illinois,Data Migration,Services,6,2400.0,14400.0,Refunded
PB-100924,2025-07-20,Prairie Wind Farms,Ontario,Label Printer,Hardware,6,185.5,1113.0,Paid
PB-100925,2025-01-19,Lakeshore Medical Supply,New York,Workflow Platform License,Software,12,1200.0,14400.0,Refunded
PB-100926,2025-12-15,Maple Ridge Distribution,Texas,Workflow Platform License,Software,9,1200.0,10800.0,Refunded
PB-100927,2025-12-01,Granite Peak Tools,Manitoba,API Add-on,Software,2,99.0,198.0,Paid
PB-100928,2025-08-08,Cedar & Co. Furniture,Ontario,Data Migration,Services,8,2400.0,19200.0,Paid
PB-100929,2025-11-09,Granite Peak Tools,Texas,Support Plan (Monthly),Services,8,450.0,3600.0,Pending
PB-100930,2025-01-14,Birchwood Interiors,Manitoba,API Add-on,Software,8,99.0,792.0,Paid
PB-100931,2025-12-25,Birchwood Interiors,British Columbia,Label Printer,Hardware,9,185.5,1669.5,Paid
PB-100932,2025-12-04,Northwind Logistics,Manitoba,Data Migration,Services,2,2400.0,4800.0,Paid
PB-100933,2025-04-02,Granite Peak Tools,Alberta,Workflow Platform License,Software,7,1200.0,8400.0,Pending
PB-100934,2025-12-30,Lakeshore Medical Supply,British Columbia,Workflow Platform License,Software,10,1200.0,12000.0,Pending
PB-100935,2025-09-18,Harbourfront Textiles,Manitoba,Implementation Day,Services,3,1800.0,5400.0,Paid
PB-100936,2025-05-17,Prairie Wind Farms,British Columbia,Support Plan (Monthly),Services,8,450.0,3600.0,Paid
PB-100937,2025-11-27,Northwind Logistics,Alberta,Training Seat,Services,1,275.0,275.0,Paid
PB-100938,2025-03-15,Maple Ridge Distribution,Manitoba,API Add-on,Software,8,99.0,792.0,Paid
PB-100939,2025-02-13,Birchwood Interiors,Ontario,Implementation Day,Services,5,1800.0,9000.0,Paid
PB-100940,2025-06-02,Harbourfront Textiles,Ontario,Support Plan (Monthly),Services,12,450.0,5400.0,Refunded
PB-100941,2025-02-08,Granite Peak Tools,Quebec,Support Plan (Monthly),Services,11,450.0,4950.0,Paid
PB-100942,2025-03-04,Kingston Print Works,Alberta,API Add-on,Software,7,99.0,693.0,Paid
PB-100943,2025-12-26,Cedar & Co. Furniture,Texas,Implementation Day,Services,7,1800.0,12600.0,Pending
PB-100944,2025-06-13,Northwind Logistics,British Columbia,Workflow Platform License,Software,3,1200.0,3600.0,Pending
PB-100945,2025-05-18,Harbourfront Textiles,Quebec,Warehouse Scanner,Hardware,8,320.0,2560.0,Pending
PB-100946,2025-03-05,Summit Auto Parts,Quebec,Implementation Day,Services,5,1800.0,9000.0,Refunded
PB-100947,2025-08-28,Northwind Logistics,Manitoba,Data Migration,Services,9,2400.0,21600.0,Pending
PB-100948,2025-11-23,Granite Peak Tools,Manitoba,Data Migration,Services,3,2400.0,7200.0,Paid
PB-100949,2025-09-11,Granite Peak Tools,Ontario,Label Printer,Hardware,8,185.5,1484.0,Paid
PB-100950,2025-12-06,Silverline Freight,Alberta,Data Migration,Services,10,2400.0,24000.0,Paid
PB-100951,2025-05-21,Granite Peak Tools,New York,Data Migration,Services,4,2400.0,9600.0,Refunded
PB-100952,2025-01-29,Kingston Print Works,British Columbia,Implementation Day,Services,6,1800.0,10800.0,Paid
PB-100953,2025-01-13,Blue Heron Foods,Manitoba,Label Printer,Hardware,8,185.5,1484.0,Paid
PB-100954,2025-08-19,Lakeshore Medical Supply,Ontario,Workflow Platform License,Software,6,1200.0,7200.0,Paid
PB-100955,2025-11-07,Summit Auto Parts,Quebec,Workflow Platform License,Software,11,1200.0,13200.0,Pending
PB-100956,2025-02-14,Blue Heron Foods,British Columbia,Data Migration,Services,9,2400.0,21600.0,Paid
PB-100957,2025-09-05,Blue Heron Foods,Illinois,Support Plan (Monthly),Services,10,450.0,4500.0,Pending
PB-100958,2025-11-07,Lakeshore Medical Supply,New York,Label Printer,Hardware,4,185.5,742.0,Paid
PB-100959,2025-09-16,Birchwood Interiors,Texas,Warehouse Scanner,Hardware,10,320.0,3200.0,Refunded
PB-100960,2025-07-03,Northwind Logistics,New York,Label Printer,Hardware,6,185.5,1113.0,Paid
PB-100961,2025-04-01,Maple Ridge Distribution,Texas,Support Plan (Monthly),Services,3,450.0,1350.0,Refunded
PB-100962,2025-07-11,Granite Peak Tools,Ontario,Data Migration,Services,6,2400.0,14400.0,Paid
PB-100963,2025-06-15,Blue Heron Foods,Ontario,Implementation Day,Services,7,1800.0,12600.0,Pending
PB-100964,2025-10-13,Cedar & Co. Furniture,Manitoba,Label Printer,Hardware,7,185.5,1298.5,Paid
PB-100965,2025-01-30,Kingston Print Works,New York,Label Printer,Hardware,8,185.5,1484.0,Paid
PB-100966,2025-12-14,Summit Auto Parts,Quebec,Training Seat,Services,2,275.0,550.0,Paid
PB-100967,2025-03-28,Kingston Print Works,Illinois,Implementation Day,Services,8,1800.0,14400.0,Paid
PB-100968,2025-09-17,Maple Ridge Distribution,Alberta,Label Printer,Hardware,2,185.5,371.0,Pending
PB-100969,2025-03-15,Summit Auto Parts,Quebec,Support Plan (Monthly),Services,10,450.0,4500.0,Pending
PB-100970,2025-05-28,Birchwood Interiors,Ontario,API Add-on,Software,7,99.0,693.0,Pending
PB-100971,2025-02-06,Maple Ridge Distribution,Manitoba,Implementation Day,Services,2,1800.0,3600.0,Pending
PB-100972,2025-11-01,Summit Auto Parts,Alberta,Warehouse Scanner,Hardware,4,320.0,1280.0,Pending
PB-100973,2025-03-13,Silverline Freight,Illinois,Support Plan (Monthly),Services,6,450.0,2700.0,Paid
PB-100974,2025-02-08,Maple Ridge Distribution,Texas,Data Migration,Services,12,2400.0,28800.0,Paid
PB-100975,2025-11-14,Prairie Wind Farms,Alberta,Workflow Platform License,Software,10,1200.0,12000.0,Pending
PB-100976,2025-01-08,Birchwood Interiors,Illinois,Data Migration,Services,3,2400.0,7200.0,Paid
PB-100977,2025-07-23,Silverline Freight,Alberta,Training Seat,Services,3,275.0,825.0,Pending
PB-100978,2025-12-26,Northwind Logistics,Manitoba,Label Printer,Hardware,7,185.5,1298.5,Refunded
PB-100979,2025-03-30,Lakeshore Medical Supply,New York,Data Migration,Services,3,2400.0,7200.0,Paid
PB-100980,2025-08-09,Cedar & Co. Furniture,Texas,Implementation Day,Services,11,1800.0,19800.0,Paid
PB-100981,2025-11-10,Harbourfront Textiles,Manitoba,Data Migration,Services,3,2400.0,7200.0,Paid
PB-100982,2025-11-19,Harbourfront Textiles,Alberta,Label Printer,Hardware,11,185.5,2040.5,Paid
PB-100983,2025-11-03,Northwind Logistics,British Columbia,Warehouse Scanner,Hardware,4,320.0,1280.0,Paid
PB-100984,2025-12-15,Summit Auto Parts,New York,Warehouse Scanner,Hardware,5,320.0,1600.0,Refunded
PB-100985,2025-05-03,Prairie Wind Farms,Quebec,Warehouse Scanner,Hardware,7,320.0,2240.0,Paid
PB-100986,2025-10-25,Prairie Wind Farms,Quebec,Workflow Platform License,Software,5,1200.0,6000.0,Paid
PB-100987,2025-08-20,Silverline Freight,Ontario,Label Printer,Hardware,3,185.5,556.5,Pending
PB-100988,2025-07-04,Harbourfront Textiles,New York,API Add-on,Software,7,99.0,693.0,Paid
PB-100989,2025-01-09,Northwind Logistics,Manitoba,Warehouse Scanner,Hardware,8,320.0,2560.0,Refunded
PB-100990,2025-04-29,Birchwood Interiors,Manitoba,Data Migration,Services,6,2400.0,14400.0,Paid
PB-100991,2025-06-30,Granite Peak Tools,Quebec,Data Migration,Services,8,2400.0,19200.0,Paid
PB-100992,2025-03-07,Granite Peak Tools,British Columbia,Support Plan (Monthly),Services,12,450.0,5400.0,Pending
PB-100993,2025-05-30,Birchwood Interiors,Ontario,API Add-on,Software,2,99.0,198.0,Paid
PB-100994,2025-01-22,Summit Auto Parts,Quebec,Data Migration,Services,8,2400.0,19200.0,Paid
PB-100995,2025-01-06,Birchwood Interiors,Manitoba,Data Migration,Services,12,2400.0,28800.0,Refunded
PB-100996,2025-07-07,Silverline Freight,New York,Data Migration,Services,9,2400.0,21600.0,Paid
PB-100997,2025-09-14,Summit Auto Parts,New York,Warehouse Scanner,Hardware,1,320.0,320.0,Paid
PB-100998,2025-09-11,Northwind Logistics,Illinois,Training Seat,Services,11,275.0,3025.0,Paid
PB-100999,2025-07-22,Prairie Wind Farms,Manitoba,Support Plan (Monthly),Services,10,450.0,4500.0,Paid
PB-101000,2025-07-19,Granite Peak Tools,Quebec,Implementation Day,Services,12,1800.0,21600.0,Refunded
